type,instance,num_var,NUM_SHOTS,num_reads,num_sweeps,runtime,gap,best_energy,gnd_energy,success_prob,best_solution
2,precision_2_timepoints_2_ising.coo,16,20,1024,10,0.0014906764030456544,0.0,-10.0,-10.0,1.0,1;-1;-1;1;-1;1;-1;1;-1;-1;-1;1;-1;1;-1;1
2,precision_2_timepoints_3_ising.coo,24,20,1024,10,0.0020857691764831544,0.0,-17.0,-17.0,1.0,1;-1;-1;1;-1;1;-1;1;-1;-1;-1;1;-1;1;-1;1;1;-1;-1;1;-1;1;-1;1
2,precision_2_timepoints_4_ising.coo,32,20,1024,10,0.0027401089668273927,0.0,-24.0,-24.0,1.0,1;-1;-1;1;-1;1;-1;1;-1;-1;-1;1;-1;1;-1;1;1;-1;-1;1;-1;1;-1;1;-1;-1;-1;1;-1;1;-1;1
2,precision_2_timepoints_5_ising.coo,40,20,1024,10,0.003333449363708496,0.0,-31.0,-31.0,1.0,1;-1;-1;1;-1;1;-1;1;-1;-1;-1;1;-1;1;-1;1;1;-1;-1;1;-1;1;-1;1;-1;-1;-1;1;-1;1;-1;1;1;-1;-1;1;-1;1;-1;1
2,precision_2_timepoints_6_ising.coo,48,20,1024,10,0.003963565826416016,0.0,-38.0,-38.0,0.95,1;-1;-1;1;-1;1;-1;1;-1;-1;-1;1;-1;1;-1;1;1;-1;-1;1;-1;1;-1;1;-1;-1;-1;1;-1;1;-1;1;1;-1;-1;1;-1;1;-1;1;-1;-1;-1;1;-1;1;-1;1
2,precision_2_timepoints_7_ising.coo,56,20,1024,10,0.004570770263671875,0.0,-45.0,-45.0,1.0,1;-1;-1;1;-1;1;-1;1;-1;-1;-1;1;-1;1;-1;1;1;-1;-1;1;-1;1;-1;1;-1;-1;-1;1;-1;1;-1;1;1;-1;-1;1;-1;1;-1;1;-1;-1;-1;1;-1;1;-1;1;1;-1;-1;1;-1;1;-1;1
2,precision_2_timepoints_8_ising.coo,64,20,1024,10,0.005194735527038574,0.0,-52.0,-52.0,0.65,1;-1;-1;1;-1;1;-1;1;-1;-1;-1;1;-1;1;-1;1;1;-1;-1;1;-1;1;-1;1;-1;-1;-1;1;-1;1;-1;1;1;-1;-1;1;-1;1;-1;1;-1;-1;-1;1;-1;1;-1;1;1;-1;-1;1;-1;1;-1;1;-1;-1;-1;1;-1;1;-1;1
2,precision_2_timepoints_9_ising.coo,72,20,1024,10,0.0058188319206237795,0.0,-59.0,-59.0,0.45,1;-1;-1;1;-1;1;-1;1;-1;-1;-1;1;-1;1;-1;1;1;-1;-1;1;-1;1;-1;1;-1;-1;-1;1;-1;1;-1;1;1;-1;-1;1;-1;1;-1;1;-1;-1;-1;1;-1;1;-1;1;1;-1;-1;1;-1;1;-1;1;-1;-1;-1;1;-1;1;-1;1;1;-1;-1;1;-1;1;-1;1
2,precision_2_timepoints_10_ising.coo,80,20,1024,10,0.006451261043548584,0.0,-66.0,-66.0,0.15,1;-1;-1;1;-1;1;-1;1;-1;-1;-1;1;-1;1;-1;1;1;-1;-1;1;-1;1;-1;1;-1;-1;-1;1;-1;1;-1;1;1;-1;-1;1;-1;1;-1;1;-1;-1;-1;1;-1;1;-1;1;1;-1;-1;1;-1;1;-1;1;-1;-1;-1;1;-1;1;-1;1;1;-1;-1;1;-1;1;-1;1;-1;-1;-1;1;-1;1;-1;1
2,precision_2_timepoints_11_ising.coo,88,20,1024,10,0.007098937034606933,0.0,-73.0,-73.0,0.1,1;-1;-1;1;-1;1;-1;1;-1;-1;-1;1;-1;1;-1;1;1;-1;-1;1;-1;1;-1;1;-1;-1;-1;1;-1;1;-1;1;1;-1;-1;1;-1;1;-1;1;-1;-1;-1;1;-1;1;-1;1;1;-1;-1;1;-1;1;-1;1;-1;-1;-1;1;-1;1;-1;1;1;-1;-1;1;-1;1;-1;1;-1;-1;-1;1;-1;1;-1;1;1;-1;-1;1;-1;1;-1;1
2,precision_2_timepoints_12_ising.coo,96,20,1024,10,0.007727372646331787,0.0,-80.0,-80.0,0.05,1;-1;-1;1;-1;1;-1;1;-1;-1;-1;1;-1;1;-1;1;1;-1;-1;1;-1;1;-1;1;-1;-1;-1;1;-1;1;-1;1;1;-1;-1;1;-1;1;-1;1;-1;-1;-1;1;-1;1;-1;1;1;-1;-1;1;-1;1;-1;1;-1;-1;-1;1;-1;1;-1;1;1;-1;-1;1;-1;1;-1;1;-1;-1;-1;1;-1;1;-1;1;1;-1;-1;1;-1;1;-1;1;-1;-1;-1;1;-1;1;-1;1
2,precision_2_timepoints_13_ising.coo,104,20,1024,10,0.008359134197235107,0.0,-87.0,-87.0,0.05,1;-1;-1;1;-1;1;-1;1;-1;-1;-1;1;-1;1;-1;1;1;-1;-1;1;-1;1;-1;1;-1;-1;-1;1;-1;1;-1;1;1;-1;-1;1;-1;1;-1;1;-1;-1;-1;1;-1;1;-1;1;1;-1;-1;1;-1;1;-1;1;-1;-1;-1;1;-1;1;-1;1;1;-1;-1;1;-1;1;-1;1;-1;-1;-1;1;-1;1;-1;1;1;-1;-1;1;-1;1;-1;1;-1;-1;-1;1;-1;1;-1;1;1;-1;-1;1;-1;1;-1;1
2,precision_2_timepoints_14_ising.coo,112,20,1024,10,0.008981883525848389,0.5319148936170213,-93.5,-94.0,0.0,1;-1;-1;1;-1;1;-1;1;-1;-1;-1;1;-1;1;-1;1;1;-1;-1;1;-1;1;-1;1;-1;-1;-1;1;-1;1;-1;1;1;-1;-1;1;-1;1;-1;1;-1;-1;-1;1;-1;1;-1;1;1;-1;-1;1;-1;1;-1;1;-1;-1;-1;1;-1;1;-1;1;1;-1;-1;1;-1;1;-1;1;-1;-1;-1;1;-1;1;-1;1;-1;1;-1;1;-1;1;-1;1;-1;1;-1;1;-1;1;-1;1;-1;1;-1;1;-1;1;-1;1;-1;1;-1;1;-1;1;-1;1
2,precision_2_timepoints_2_ising.coo,16,20,1024,20,0.003233671188354492,0.0,-10.0,-10.0,1.0,1;-1;-1;1;-1;1;-1;1;-1;-1;-1;1;-1;1;-1;1
2,precision_2_timepoints_3_ising.coo,24,20,1024,20,0.004800653457641602,0.0,-17.0,-17.0,1.0,1;-1;-1;1;-1;1;-1;1;-1;-1;-1;1;-1;1;-1;1;1;-1;-1;1;-1;1;-1;1
2,precision_2_timepoints_4_ising.coo,32,20,1024,20,0.006407642364501953,0.0,-24.0,-24.0,1.0,1;-1;-1;1;-1;1;-1;1;-1;-1;-1;1;-1;1;-1;1;1;-1;-1;1;-1;1;-1;1;-1;-1;-1;1;-1;1;-1;1
2,precision_2_timepoints_5_ising.coo,40,20,1024,20,0.00804063081741333,0.0,-31.0,-31.0,1.0,1;-1;-1;1;-1;1;-1;1;-1;-1;-1;1;-1;1;-1;1;1;-1;-1;1;-1;1;-1;1;-1;-1;-1;1;-1;1;-1;1;1;-1;-1;1;-1;1;-1;1
2,precision_2_timepoints_6_ising.coo,48,20,1024,20,0.009660613536834717,0.0,-38.0,-38.0,0.95,1;-1;-1;1;-1;1;-1;1;-1;-1;-1;1;-1;1;-1;1;1;-1;-1;1;-1;1;-1;1;-1;-1;-1;1;-1;1;-1;1;1;-1;-1;1;-1;1;-1;1;-1;-1;-1;1;-1;1;-1;1
2,precision_2_timepoints_7_ising.coo,56,20,1024,20,0.011224329471588135,0.0,-45.0,-45.0,1.0,1;-1;-1;1;-1;1;-1;1;-1;-1;-1;1;-1;1;-1;1;1;-1;-1;1;-1;1;-1;1;-1;-1;-1;1;-1;1;-1;1;1;-1;-1;1;-1;1;-1;1;-1;-1;-1;1;-1;1;-1;1;1;-1;-1;1;-1;1;-1;1
2,precision_2_timepoints_8_ising.coo,64,20,1024,20,0.012811744213104248,0.0,-52.0,-52.0,0.75,1;-1;-1;1;-1;1;-1;1;-1;-1;-1;1;-1;1;-1;1;1;-1;-1;1;-1;1;-1;1;-1;-1;-1;1;-1;1;-1;1;1;-1;-1;1;-1;1;-1;1;-1;-1;-1;1;-1;1;-1;1;1;-1;-1;1;-1;1;-1;1;-1;-1;-1;1;-1;1;-1;1
2,precision_2_timepoints_9_ising.coo,72,20,1024,20,0.014419853687286377,0.0,-59.0,-59.0,0.4,1;-1;-1;1;-1;1;-1;1;-1;-1;-1;1;-1;1;-1;1;1;-1;-1;1;-1;1;-1;1;-1;-1;-1;1;-1;1;-1;1;1;-1;-1;1;-1;1;-1;1;-1;-1;-1;1;-1;1;-1;1;1;-1;-1;1;-1;1;-1;1;-1;-1;-1;1;-1;1;-1;1;1;-1;-1;1;-1;1;-1;1
2,precision_2_timepoints_10_ising.coo,80,20,1024,20,0.01608830690383911,0.0,-66.0,-66.0,0.1,1;-1;-1;1;-1;1;-1;1;-1;-1;-1;1;-1;1;-1;1;1;-1;-1;1;-1;1;-1;1;-1;-1;-1;1;-1;1;-1;1;1;-1;-1;1;-1;1;-1;1;-1;-1;-1;1;-1;1;-1;1;1;-1;-1;1;-1;1;-1;1;-1;-1;-1;1;-1;1;-1;1;1;-1;-1;1;-1;1;-1;1;-1;-1;-1;1;-1;1;-1;1
2,precision_2_timepoints_11_ising.coo,88,20,1024,20,0.017708873748779295,0.0,-73.0,-73.0,0.1,1;-1;-1;1;-1;1;-1;1;-1;-1;-1;1;-1;1;-1;1;1;-1;-1;1;-1;1;-1;1;-1;-1;-1;1;-1;1;-1;1;1;-1;-1;1;-1;1;-1;1;-1;-1;-1;1;-1;1;-1;1;1;-1;-1;1;-1;1;-1;1;-1;-1;-1;1;-1;1;-1;1;1;-1;-1;1;-1;1;-1;1;-1;-1;-1;1;-1;1;-1;1;1;-1;-1;1;-1;1;-1;1
2,precision_2_timepoints_12_ising.coo,96,20,1024,20,0.019425487518310545,0.0,-80.0,-80.0,0.05,1;-1;-1;1;-1;1;-1;1;-1;-1;-1;1;-1;1;-1;1;1;-1;-1;1;-1;1;-1;1;-1;-1;-1;1;-1;1;-1;1;1;-1;-1;1;-1;1;-1;1;-1;-1;-1;1;-1;1;-1;1;1;-1;-1;1;-1;1;-1;1;-1;-1;-1;1;-1;1;-1;1;1;-1;-1;1;-1;1;-1;1;-1;-1;-1;1;-1;1;-1;1;1;-1;-1;1;-1;1;-1;1;-1;-1;-1;1;-1;1;-1;1
2,precision_2_timepoints_13_ising.coo,104,20,1024,20,0.021102356910705566,0.5747126436781609,-86.5,-87.0,0.0,1;-1;-1;1;-1;1;-1;1;-1;1;-1;1;-1;1;-1;1;-1;1;-1;1;-1;1;-1;1;-1;1;-1;1;-1;1;-1;1;-1;1;-1;1;-1;1;-1;1;-1;1;-1;1;-1;1;-1;1;-1;1;-1;1;-1;1;-1;1;-1;1;-1;1;-1;1;-1;1;-1;1;-1;1;-1;1;-1;1;-1;1;-1;1;-1;1;-1;1;-1;1;-1;1;-1;1;-1;1;-1;1;-1;1;-1;1;-1;1;-1;1;-1;1;-1;1;-1;1
2,precision_2_timepoints_14_ising.coo,112,20,1024,20,0.022726666927337647,1.0638297872340425,-93.0,-94.0,0.0,1;-1;-1;1;-1;1;-1;1;-1;-1;-1;1;-1;1;-1;1;1;-1;-1;1;-1;1;-1;1;-1;-1;-1;1;-1;1;-1;1;1;-1;-1;1;-1;1;-1;1;-1;-1;-1;1;-1;1;-1;1;1;-1;-1;1;-1;1;-1;1;-1;1;-1;1;-1;1;-1;1;-1;1;-1;1;-1;1;-1;1;-1;1;-1;1;-1;1;-1;1;-1;1;-1;1;-1;1;-1;1;-1;-1;-1;1;-1;1;-1;1;1;-1;-1;1;-1;1;-1;1;-1;-1;-1;1;-1;1;-1;1
2,precision_2_timepoints_2_ising.coo,16,20,1024,30,0.004845333099365234,0.0,-10.0,-10.0,1.0,1;-1;-1;1;-1;1;-1;1;-1;-1;-1;1;-1;1;-1;1
2,precision_2_timepoints_3_ising.coo,24,20,1024,30,0.007335388660430908,0.0,-17.0,-17.0,1.0,1;-1;-1;1;-1;1;-1;1;-1;-1;-1;1;-1;1;-1;1;1;-1;-1;1;-1;1;-1;1
2,precision_2_timepoints_4_ising.coo,32,20,1024,30,0.009744358062744141,0.0,-24.0,-24.0,1.0,1;-1;-1;1;-1;1;-1;1;-1;-1;-1;1;-1;1;-1;1;1;-1;-1;1;-1;1;-1;1;-1;-1;-1;1;-1;1;-1;1
2,precision_2_timepoints_5_ising.coo,40,20,1024,30,0.012038075923919677,0.0,-31.0,-31.0,1.0,1;-1;-1;1;-1;1;-1;1;-1;-1;-1;1;-1;1;-1;1;1;-1;-1;1;-1;1;-1;1;-1;-1;-1;1;-1;1;-1;1;1;-1;-1;1;-1;1;-1;1
2,precision_2_timepoints_6_ising.coo,48,20,1024,30,0.014492332935333252,0.0,-38.0,-38.0,1.0,1;-1;-1;1;-1;1;-1;1;-1;-1;-1;1;-1;1;-1;1;1;-1;-1;1;-1;1;-1;1;-1;-1;-1;1;-1;1;-1;1;1;-1;-1;1;-1;1;-1;1;-1;-1;-1;1;-1;1;-1;1
2,precision_2_timepoints_7_ising.coo,56,20,1024,30,0.016831409931182862,0.0,-45.0,-45.0,1.0,1;-1;-1;1;-1;1;-1;1;-1;-1;-1;1;-1;1;-1;1;1;-1;-1;1;-1;1;-1;1;-1;-1;-1;1;-1;1;-1;1;1;-1;-1;1;-1;1;-1;1;-1;-1;-1;1;-1;1;-1;1;1;-1;-1;1;-1;1;-1;1
2,precision_2_timepoints_8_ising.coo,64,20,1024,30,0.01923903226852417,0.0,-52.0,-52.0,0.6,1;-1;-1;1;-1;1;-1;1;-1;-1;-1;1;-1;1;-1;1;1;-1;-1;1;-1;1;-1;1;-1;-1;-1;1;-1;1;-1;1;1;-1;-1;1;-1;1;-1;1;-1;-1;-1;1;-1;1;-1;1;1;-1;-1;1;-1;1;-1;1;-1;-1;-1;1;-1;1;-1;1
2,precision_2_timepoints_9_ising.coo,72,20,1024,30,0.02165267467498779,0.0,-59.0,-59.0,0.5,1;-1;-1;1;-1;1;-1;1;-1;-1;-1;1;-1;1;-1;1;1;-1;-1;1;-1;1;-1;1;-1;-1;-1;1;-1;1;-1;1;1;-1;-1;1;-1;1;-1;1;-1;-1;-1;1;-1;1;-1;1;1;-1;-1;1;-1;1;-1;1;-1;-1;-1;1;-1;1;-1;1;1;-1;-1;1;-1;1;-1;1
2,precision_2_timepoints_10_ising.coo,80,20,1024,30,0.02413809299468994,0.0,-66.0,-66.0,0.1,1;-1;-1;1;-1;1;-1;1;-1;-1;-1;1;-1;1;-1;1;1;-1;-1;1;-1;1;-1;1;-1;-1;-1;1;-1;1;-1;1;1;-1;-1;1;-1;1;-1;1;-1;-1;-1;1;-1;1;-1;1;1;-1;-1;1;-1;1;-1;1;-1;-1;-1;1;-1;1;-1;1;1;-1;-1;1;-1;1;-1;1;-1;-1;-1;1;-1;1;-1;1
2,precision_2_timepoints_11_ising.coo,88,20,1024,30,0.026609599590301514,0.0,-73.0,-73.0,0.25,1;-1;-1;1;-1;1;-1;1;-1;-1;-1;1;-1;1;-1;1;1;-1;-1;1;-1;1;-1;1;-1;-1;-1;1;-1;1;-1;1;1;-1;-1;1;-1;1;-1;1;-1;-1;-1;1;-1;1;-1;1;1;-1;-1;1;-1;1;-1;1;-1;-1;-1;1;-1;1;-1;1;1;-1;-1;1;-1;1;-1;1;-1;-1;-1;1;-1;1;-1;1;1;-1;-1;1;-1;1;-1;1
2,precision_2_timepoints_12_ising.coo,96,20,1024,30,0.02895200252532959,0.0,-80.0,-80.0,0.15,1;-1;-1;1;-1;1;-1;1;-1;-1;-1;1;-1;1;-1;1;1;-1;-1;1;-1;1;-1;1;-1;-1;-1;1;-1;1;-1;1;1;-1;-1;1;-1;1;-1;1;-1;-1;-1;1;-1;1;-1;1;1;-1;-1;1;-1;1;-1;1;-1;-1;-1;1;-1;1;-1;1;1;-1;-1;1;-1;1;-1;1;-1;-1;-1;1;-1;1;-1;1;1;-1;-1;1;-1;1;-1;1;-1;-1;-1;1;-1;1;-1;1
2,precision_2_timepoints_13_ising.coo,104,20,1024,30,0.031597816944122316,0.5747126436781609,-86.5,-87.0,0.0,1;-1;-1;1;-1;1;-1;1;-1;-1;-1;1;-1;1;-1;1;1;-1;-1;1;-1;1;-1;1;-1;-1;-1;1;-1;1;-1;1;-1;1;-1;1;-1;1;-1;1;-1;1;-1;1;-1;1;-1;1;-1;1;-1;1;-1;1;-1;1;-1;1;-1;1;-1;1;-1;1;-1;1;-1;1;-1;1;-1;1;-1;1;-1;1;-1;1;-1;1;-1;1;-1;1;-1;1;-1;1;-1;1;-1;1;-1;1;-1;1;-1;1;-1;1;-1;1;-1;1
2,precision_2_timepoints_14_ising.coo,112,20,1024,30,0.033949100971221925,0.5319148936170213,-93.5,-94.0,0.0,1;-1;-1;1;-1;1;-1;1;-1;-1;-1;1;-1;1;-1;1;1;-1;-1;1;-1;1;-1;1;-1;-1;-1;1;-1;1;-1;1;1;-1;-1;1;-1;1;-1;1;-1;-1;-1;1;-1;1;-1;1;1;-1;-1;1;-1;1;-1;1;-1;-1;-1;1;-1;1;-1;1;1;-1;-1;1;-1;1;-1;1;-1;-1;-1;1;-1;1;-1;-1;1;-1;-1;1;-1;1;1;-1;-1;-1;-1;1;-1;1;-1;-1;1;-1;-1;1;-1;1;1;-1;-1;-1;-1;1;-1;1;-1;-1
2,precision_2_timepoints_2_ising.coo,16,20,1024,40,0.0063129782676696776,0.0,-10.0,-10.0,1.0,1;-1;-1;1;-1;1;-1;1;-1;-1;-1;1;-1;1;-1;1
2,precision_2_timepoints_3_ising.coo,24,20,1024,40,0.009617114067077636,0.0,-17.0,-17.0,1.0,1;-1;-1;1;-1;1;-1;1;-1;-1;-1;1;-1;1;-1;1;1;-1;-1;1;-1;1;-1;1
2,precision_2_timepoints_4_ising.coo,32,20,1024,40,0.012779808044433594,0.0,-24.0,-24.0,1.0,1;-1;-1;1;-1;1;-1;1;-1;-1;-1;1;-1;1;-1;1;1;-1;-1;1;-1;1;-1;1;-1;-1;-1;1;-1;1;-1;1
2,precision_2_timepoints_5_ising.coo,40,20,1024,40,0.015858960151672364,0.0,-31.0,-31.0,1.0,1;-1;-1;1;-1;1;-1;1;-1;-1;-1;1;-1;1;-1;1;1;-1;-1;1;-1;1;-1;1;-1;-1;-1;1;-1;1;-1;1;1;-1;-1;1;-1;1;-1;1
2,precision_2_timepoints_6_ising.coo,48,20,1024,40,0.018985950946807863,0.0,-38.0,-38.0,1.0,1;-1;-1;1;-1;1;-1;1;-1;-1;-1;1;-1;1;-1;1;1;-1;-1;1;-1;1;-1;1;-1;-1;-1;1;-1;1;-1;1;1;-1;-1;1;-1;1;-1;1;-1;-1;-1;1;-1;1;-1;1
2,precision_2_timepoints_7_ising.coo,56,20,1024,40,0.022104668617248534,0.0,-45.0,-45.0,1.0,1;-1;-1;1;-1;1;-1;1;-1;-1;-1;1;-1;1;-1;1;1;-1;-1;1;-1;1;-1;1;-1;-1;-1;1;-1;1;-1;1;1;-1;-1;1;-1;1;-1;1;-1;-1;-1;1;-1;1;-1;1;1;-1;-1;1;-1;1;-1;1
2,precision_2_timepoints_8_ising.coo,64,20,1024,40,0.02532317638397217,0.0,-52.0,-52.0,1.0,1;-1;-1;1;-1;1;-1;1;-1;-1;-1;1;-1;1;-1;1;1;-1;-1;1;-1;1;-1;1;-1;-1;-1;1;-1;1;-1;1;1;-1;-1;1;-1;1;-1;1;-1;-1;-1;1;-1;1;-1;1;1;-1;-1;1;-1;1;-1;1;-1;-1;-1;1;-1;1;-1;1
2,precision_2_timepoints_9_ising.coo,72,20,1024,40,0.02846493721008301,0.0,-59.0,-59.0,0.9,1;-1;-1;1;-1;1;-1;1;-1;-1;-1;1;-1;1;-1;1;1;-1;-1;1;-1;1;-1;1;-1;-1;-1;1;-1;1;-1;1;1;-1;-1;1;-1;1;-1;1;-1;-1;-1;1;-1;1;-1;1;1;-1;-1;1;-1;1;-1;1;-1;-1;-1;1;-1;1;-1;1;1;-1;-1;1;-1;1;-1;1
2,precision_2_timepoints_10_ising.coo,80,20,1024,40,0.03165290355682373,0.0,-66.0,-66.0,0.6,1;-1;-1;1;-1;1;-1;1;-1;-1;-1;1;-1;1;-1;1;1;-1;-1;1;-1;1;-1;1;-1;-1;-1;1;-1;1;-1;1;1;-1;-1;1;-1;1;-1;1;-1;-1;-1;1;-1;1;-1;1;1;-1;-1;1;-1;1;-1;1;-1;-1;-1;1;-1;1;-1;1;1;-1;-1;1;-1;1;-1;1;-1;-1;-1;1;-1;1;-1;1
2,precision_2_timepoints_11_ising.coo,88,20,1024,40,0.03490293025970459,0.0,-73.0,-73.0,0.65,1;-1;-1;1;-1;1;-1;1;-1;-1;-1;1;-1;1;-1;1;1;-1;-1;1;-1;1;-1;1;-1;-1;-1;1;-1;1;-1;1;1;-1;-1;1;-1;1;-1;1;-1;-1;-1;1;-1;1;-1;1;1;-1;-1;1;-1;1;-1;1;-1;-1;-1;1;-1;1;-1;1;1;-1;-1;1;-1;1;-1;1;-1;-1;-1;1;-1;1;-1;1;1;-1;-1;1;-1;1;-1;1
2,precision_2_timepoints_12_ising.coo,96,20,1024,40,0.03815076351165771,0.0,-80.0,-80.0,0.15,1;-1;-1;1;-1;1;-1;1;-1;-1;-1;1;-1;1;-1;1;1;-1;-1;1;-1;1;-1;1;-1;-1;-1;1;-1;1;-1;1;1;-1;-1;1;-1;1;-1;1;-1;-1;-1;1;-1;1;-1;1;1;-1;-1;1;-1;1;-1;1;-1;-1;-1;1;-1;1;-1;1;1;-1;-1;1;-1;1;-1;1;-1;-1;-1;1;-1;1;-1;1;1;-1;-1;1;-1;1;-1;1;-1;-1;-1;1;-1;1;-1;1
2,precision_2_timepoints_13_ising.coo,104,20,1024,40,0.04146524667739868,0.0,-87.0,-87.0,0.05,1;-1;-1;1;-1;1;-1;1;-1;-1;-1;1;-1;1;-1;1;1;-1;-1;1;-1;1;-1;1;-1;-1;-1;1;-1;1;-1;1;1;-1;-1;1;-1;1;-1;1;-1;-1;-1;1;-1;1;-1;1;1;-1;-1;1;-1;1;-1;1;-1;-1;-1;1;-1;1;-1;1;1;-1;-1;1;-1;1;-1;1;-1;-1;-1;1;-1;1;-1;1;1;-1;-1;1;-1;1;-1;1;-1;-1;-1;1;-1;1;-1;1;1;-1;-1;1;-1;1;-1;1
2,precision_2_timepoints_14_ising.coo,112,20,1024,40,0.04458260536193848,0.5319148936170213,-93.5,-94.0,0.0,1;-1;-1;1;-1;1;-1;1;-1;-1;-1;1;-1;1;-1;1;1;-1;-1;1;-1;1;1;-1;-1;-1;-1;1;-1;1;-1;-1;1;-1;-1;1;-1;1;1;-1;-1;-1;-1;1;-1;1;-1;-1;1;-1;-1;1;-1;1;1;-1;-1;-1;-1;1;-1;1;-1;-1;1;-1;-1;1;-1;1;1;-1;-1;-1;-1;1;-1;1;-1;-1;1;-1;-1;1;-1;1;1;-1;-1;-1;-1;1;-1;1;-1;-1;1;-1;-1;1;-1;1;1;-1;-1;-1;-1;1;-1;1;-1;-1
2,precision_2_timepoints_2_ising.coo,16,20,1024,50,0.007841026782989502,0.0,-10.0,-10.0,1.0,1;-1;-1;1;-1;1;-1;1;-1;-1;-1;1;-1;1;-1;1
2,precision_2_timepoints_3_ising.coo,24,20,1024,50,0.011947619915008544,0.0,-17.0,-17.0,1.0,1;-1;-1;1;-1;1;-1;1;-1;-1;-1;1;-1;1;-1;1;1;-1;-1;1;-1;1;-1;1
2,precision_2_timepoints_4_ising.coo,32,20,1024,50,0.015879726409912108,0.0,-24.0,-24.0,1.0,1;-1;-1;1;-1;1;-1;1;-1;-1;-1;1;-1;1;-1;1;1;-1;-1;1;-1;1;-1;1;-1;-1;-1;1;-1;1;-1;1
2,precision_2_timepoints_5_ising.coo,40,20,1024,50,0.019714999198913574,0.0,-31.0,-31.0,1.0,1;-1;-1;1;-1;1;-1;1;-1;-1;-1;1;-1;1;-1;1;1;-1;-1;1;-1;1;-1;1;-1;-1;-1;1;-1;1;-1;1;1;-1;-1;1;-1;1;-1;1
2,precision_2_timepoints_6_ising.coo,48,20,1024,50,0.023649513721466064,0.0,-38.0,-38.0,1.0,1;-1;-1;1;-1;1;-1;1;-1;-1;-1;1;-1;1;-1;1;1;-1;-1;1;-1;1;-1;1;-1;-1;-1;1;-1;1;-1;1;1;-1;-1;1;-1;1;-1;1;-1;-1;-1;1;-1;1;-1;1
2,precision_2_timepoints_7_ising.coo,56,20,1024,50,0.02746976613998413,0.0,-45.0,-45.0,1.0,1;-1;-1;1;-1;1;-1;1;-1;-1;-1;1;-1;1;-1;1;1;-1;-1;1;-1;1;-1;1;-1;-1;-1;1;-1;1;-1;1;1;-1;-1;1;-1;1;-1;1;-1;-1;-1;1;-1;1;-1;1;1;-1;-1;1;-1;1;-1;1
2,precision_2_timepoints_8_ising.coo,64,20,1024,50,0.031922781467437746,0.0,-52.0,-52.0,1.0,1;-1;-1;1;-1;1;-1;1;-1;-1;-1;1;-1;1;-1;1;1;-1;-1;1;-1;1;-1;1;-1;-1;-1;1;-1;1;-1;1;1;-1;-1;1;-1;1;-1;1;-1;-1;-1;1;-1;1;-1;1;1;-1;-1;1;-1;1;-1;1;-1;-1;-1;1;-1;1;-1;1
2,precision_2_timepoints_9_ising.coo,72,20,1024,50,0.035405540466308595,0.0,-59.0,-59.0,0.95,1;-1;-1;1;-1;1;-1;1;-1;-1;-1;1;-1;1;-1;1;1;-1;-1;1;-1;1;-1;1;-1;-1;-1;1;-1;1;-1;1;1;-1;-1;1;-1;1;-1;1;-1;-1;-1;1;-1;1;-1;1;1;-1;-1;1;-1;1;-1;1;-1;-1;-1;1;-1;1;-1;1;1;-1;-1;1;-1;1;-1;1
2,precision_2_timepoints_10_ising.coo,80,20,1024,50,0.03940263986587524,0.0,-66.0,-66.0,0.5,1;-1;-1;1;-1;1;-1;1;-1;-1;-1;1;-1;1;-1;1;1;-1;-1;1;-1;1;-1;1;-1;-1;-1;1;-1;1;-1;1;1;-1;-1;1;-1;1;-1;1;-1;-1;-1;1;-1;1;-1;1;1;-1;-1;1;-1;1;-1;1;-1;-1;-1;1;-1;1;-1;1;1;-1;-1;1;-1;1;-1;1;-1;-1;-1;1;-1;1;-1;1
2,precision_2_timepoints_11_ising.coo,88,20,1024,50,0.04332427978515625,0.0,-73.0,-73.0,0.35,1;-1;-1;1;-1;1;-1;1;-1;-1;-1;1;-1;1;-1;1;1;-1;-1;1;-1;1;-1;1;-1;-1;-1;1;-1;1;-1;1;1;-1;-1;1;-1;1;-1;1;-1;-1;-1;1;-1;1;-1;1;1;-1;-1;1;-1;1;-1;1;-1;-1;-1;1;-1;1;-1;1;1;-1;-1;1;-1;1;-1;1;-1;-1;-1;1;-1;1;-1;1;1;-1;-1;1;-1;1;-1;1
2,precision_2_timepoints_12_ising.coo,96,20,1024,50,0.04746056795120239,0.0,-80.0,-80.0,0.05,1;-1;-1;1;-1;1;-1;1;-1;-1;-1;1;-1;1;-1;1;1;-1;-1;1;-1;1;-1;1;-1;-1;-1;1;-1;1;-1;1;1;-1;-1;1;-1;1;-1;1;-1;-1;-1;1;-1;1;-1;1;1;-1;-1;1;-1;1;-1;1;-1;-1;-1;1;-1;1;-1;1;1;-1;-1;1;-1;1;-1;1;-1;-1;-1;1;-1;1;-1;1;1;-1;-1;1;-1;1;-1;1;-1;-1;-1;1;-1;1;-1;1
2,precision_2_timepoints_13_ising.coo,104,20,1024,50,0.05144166946411133,0.0,-87.0,-87.0,0.15,1;-1;-1;1;-1;1;-1;1;-1;-1;-1;1;-1;1;-1;1;1;-1;-1;1;-1;1;-1;1;-1;-1;-1;1;-1;1;-1;1;1;-1;-1;1;-1;1;-1;1;-1;-1;-1;1;-1;1;-1;1;1;-1;-1;1;-1;1;-1;1;-1;-1;-1;1;-1;1;-1;1;1;-1;-1;1;-1;1;-1;1;-1;-1;-1;1;-1;1;-1;1;1;-1;-1;1;-1;1;-1;1;-1;-1;-1;1;-1;1;-1;1;1;-1;-1;1;-1;1;-1;1
2,precision_2_timepoints_14_ising.coo,112,20,1024,50,0.055506110191345215,0.5319148936170213,-93.5,-94.0,0.0,1;-1;-1;1;-1;1;-1;1;-1;-1;-1;1;-1;1;-1;1;1;-1;-1;1;-1;1;-1;1;-1;-1;-1;1;-1;1;-1;1;1;-1;-1;1;-1;1;-1;1;-1;-1;-1;1;-1;1;-1;1;1;-1;-1;1;-1;1;-1;1;-1;-1;-1;1;-1;-1;-1;1;1;-1;-1;1;1;-1;-1;1;-1;-1;-1;1;-1;-1;-1;1;1;-1;-1;1;1;-1;-1;1;-1;-1;-1;1;-1;-1;-1;1;1;-1;-1;1;1;-1;-1;1;-1;-1;-1;1;-1;-1;-1;1
2,precision_2_timepoints_2_ising.coo,16,20,1024,60,0.00931612253189087,0.0,-10.0,-10.0,1.0,1;-1;-1;1;-1;1;-1;1;-1;-1;-1;1;-1;1;-1;1
2,precision_2_timepoints_3_ising.coo,24,20,1024,60,0.014263594150543213,0.0,-17.0,-17.0,1.0,1;-1;-1;1;-1;1;-1;1;-1;-1;-1;1;-1;1;-1;1;1;-1;-1;1;-1;1;-1;1
2,precision_2_timepoints_4_ising.coo,32,20,1024,60,0.01895937919616699,0.0,-24.0,-24.0,1.0,1;-1;-1;1;-1;1;-1;1;-1;-1;-1;1;-1;1;-1;1;1;-1;-1;1;-1;1;-1;1;-1;-1;-1;1;-1;1;-1;1
2,precision_2_timepoints_5_ising.coo,40,20,1024,60,0.02357388734817505,0.0,-31.0,-31.0,1.0,1;-1;-1;1;-1;1;-1;1;-1;-1;-1;1;-1;1;-1;1;1;-1;-1;1;-1;1;-1;1;-1;-1;-1;1;-1;1;-1;1;1;-1;-1;1;-1;1;-1;1
2,precision_2_timepoints_6_ising.coo,48,20,1024,60,0.0283308744430542,0.0,-38.0,-38.0,1.0,1;-1;-1;1;-1;1;-1;1;-1;-1;-1;1;-1;1;-1;1;1;-1;-1;1;-1;1;-1;1;-1;-1;-1;1;-1;1;-1;1;1;-1;-1;1;-1;1;-1;1;-1;-1;-1;1;-1;1;-1;1
2,precision_2_timepoints_7_ising.coo,56,20,1024,60,0.032831120491027835,0.0,-45.0,-45.0,1.0,1;-1;-1;1;-1;1;-1;1;-1;-1;-1;1;-1;1;-1;1;1;-1;-1;1;-1;1;-1;1;-1;-1;-1;1;-1;1;-1;1;1;-1;-1;1;-1;1;-1;1;-1;-1;-1;1;-1;1;-1;1;1;-1;-1;1;-1;1;-1;1
2,precision_2_timepoints_8_ising.coo,64,20,1024,60,0.03855544328689575,0.0,-52.0,-52.0,1.0,1;-1;-1;1;-1;1;-1;1;-1;-1;-1;1;-1;1;-1;1;1;-1;-1;1;-1;1;-1;1;-1;-1;-1;1;-1;1;-1;1;1;-1;-1;1;-1;1;-1;1;-1;-1;-1;1;-1;1;-1;1;1;-1;-1;1;-1;1;-1;1;-1;-1;-1;1;-1;1;-1;1
2,precision_2_timepoints_9_ising.coo,72,20,1024,60,0.04227684736251831,0.0,-59.0,-59.0,0.75,1;-1;-1;1;-1;1;-1;1;-1;-1;-1;1;-1;1;-1;1;1;-1;-1;1;-1;1;-1;1;-1;-1;-1;1;-1;1;-1;1;1;-1;-1;1;-1;1;-1;1;-1;-1;-1;1;-1;1;-1;1;1;-1;-1;1;-1;1;-1;1;-1;-1;-1;1;-1;1;-1;1;1;-1;-1;1;-1;1;-1;1
2,precision_2_timepoints_10_ising.coo,80,20,1024,60,0.047295331954956055,0.0,-66.0,-66.0,0.6,1;-1;-1;1;-1;1;-1;1;-1;-1;-1;1;-1;1;-1;1;1;-1;-1;1;-1;1;-1;1;-1;-1;-1;1;-1;1;-1;1;1;-1;-1;1;-1;1;-1;1;-1;-1;-1;1;-1;1;-1;1;1;-1;-1;1;-1;1;-1;1;-1;-1;-1;1;-1;1;-1;1;1;-1;-1;1;-1;1;-1;1;-1;-1;-1;1;-1;1;-1;1
2,precision_2_timepoints_11_ising.coo,88,20,1024,60,0.0519492506980896,0.0,-73.0,-73.0,0.35,1;-1;-1;1;-1;1;-1;1;-1;-1;-1;1;-1;1;-1;1;1;-1;-1;1;-1;1;-1;1;-1;-1;-1;1;-1;1;-1;1;1;-1;-1;1;-1;1;-1;1;-1;-1;-1;1;-1;1;-1;1;1;-1;-1;1;-1;1;-1;1;-1;-1;-1;1;-1;1;-1;1;1;-1;-1;1;-1;1;-1;1;-1;-1;-1;1;-1;1;-1;1;1;-1;-1;1;-1;1;-1;1
2,precision_2_timepoints_12_ising.coo,96,20,1024,60,0.056785750389099124,0.0,-80.0,-80.0,0.15,1;-1;-1;1;-1;1;-1;1;-1;-1;-1;1;-1;1;-1;1;1;-1;-1;1;-1;1;-1;1;-1;-1;-1;1;-1;1;-1;1;1;-1;-1;1;-1;1;-1;1;-1;-1;-1;1;-1;1;-1;1;1;-1;-1;1;-1;1;-1;1;-1;-1;-1;1;-1;1;-1;1;1;-1;-1;1;-1;1;-1;1;-1;-1;-1;1;-1;1;-1;1;1;-1;-1;1;-1;1;-1;1;-1;-1;-1;1;-1;1;-1;1
2,precision_2_timepoints_13_ising.coo,104,20,1024,60,0.061596667766571044,0.5747126436781609,-86.5,-87.0,0.0,1;-1;-1;1;-1;1;1;-1;-1;-1;-1;1;-1;1;-1;-1;1;-1;-1;1;-1;1;1;-1;-1;-1;-1;1;-1;1;-1;-1;1;-1;-1;1;-1;1;1;-1;-1;-1;-1;1;-1;1;-1;-1;1;-1;-1;1;-1;1;1;-1;-1;-1;-1;1;-1;1;-1;-1;1;-1;-1;1;-1;1;1;-1;-1;-1;-1;1;-1;1;-1;-1;1;-1;-1;1;-1;1;1;-1;-1;-1;-1;1;-1;1;-1;-1;1;-1;-1;1;-1;1;1;-1
2,precision_2_timepoints_14_ising.coo,112,20,1024,60,0.06660058498382568,0.0,-94.0,-94.0,0.1,1;-1;-1;1;-1;1;-1;1;-1;-1;-1;1;-1;1;-1;1;1;-1;-1;1;-1;1;-1;1;-1;-1;-1;1;-1;1;-1;1;1;-1;-1;1;-1;1;-1;1;-1;-1;-1;1;-1;1;-1;1;1;-1;-1;1;-1;1;-1;1;-1;-1;-1;1;-1;1;-1;1;1;-1;-1;1;-1;1;-1;1;-1;-1;-1;1;-1;1;-1;1;1;-1;-1;1;-1;1;-1;1;-1;-1;-1;1;-1;1;-1;1;1;-1;-1;1;-1;1;-1;1;-1;-1;-1;1;-1;1;-1;1
2,precision_2_timepoints_2_ising.coo,16,20,1024,70,0.01085360050201416,0.0,-10.0,-10.0,1.0,1;-1;-1;1;-1;1;-1;1;-1;-1;-1;1;-1;1;-1;1
2,precision_2_timepoints_3_ising.coo,24,20,1024,70,0.016539955139160158,0.0,-17.0,-17.0,1.0,1;-1;-1;1;-1;1;-1;1;-1;-1;-1;1;-1;1;-1;1;1;-1;-1;1;-1;1;-1;1
2,precision_2_timepoints_4_ising.coo,32,20,1024,70,0.022104620933532715,0.0,-24.0,-24.0,1.0,1;-1;-1;1;-1;1;-1;1;-1;-1;-1;1;-1;1;-1;1;1;-1;-1;1;-1;1;-1;1;-1;-1;-1;1;-1;1;-1;1
2,precision_2_timepoints_5_ising.coo,40,20,1024,70,0.027695775032043457,0.0,-31.0,-31.0,1.0,1;-1;-1;1;-1;1;-1;1;-1;-1;-1;1;-1;1;-1;1;1;-1;-1;1;-1;1;-1;1;-1;-1;-1;1;-1;1;-1;1;1;-1;-1;1;-1;1;-1;1
2,precision_2_timepoints_6_ising.coo,48,20,1024,70,0.03306512832641602,0.0,-38.0,-38.0,1.0,1;-1;-1;1;-1;1;-1;1;-1;-1;-1;1;-1;1;-1;1;1;-1;-1;1;-1;1;-1;1;-1;-1;-1;1;-1;1;-1;1;1;-1;-1;1;-1;1;-1;1;-1;-1;-1;1;-1;1;-1;1
2,precision_2_timepoints_7_ising.coo,56,20,1024,70,0.0382696270942688,0.0,-45.0,-45.0,1.0,1;-1;-1;1;-1;1;-1;1;-1;-1;-1;1;-1;1;-1;1;1;-1;-1;1;-1;1;-1;1;-1;-1;-1;1;-1;1;-1;1;1;-1;-1;1;-1;1;-1;1;-1;-1;-1;1;-1;1;-1;1;1;-1;-1;1;-1;1;-1;1
2,precision_2_timepoints_8_ising.coo,64,20,1024,70,0.043696272373199466,0.0,-52.0,-52.0,0.95,1;-1;-1;1;-1;1;-1;1;-1;-1;-1;1;-1;1;-1;1;1;-1;-1;1;-1;1;-1;1;-1;-1;-1;1;-1;1;-1;1;1;-1;-1;1;-1;1;-1;1;-1;-1;-1;1;-1;1;-1;1;1;-1;-1;1;-1;1;-1;1;-1;-1;-1;1;-1;1;-1;1
2,precision_2_timepoints_9_ising.coo,72,20,1024,70,0.04923311471939087,0.0,-59.0,-59.0,0.95,1;-1;-1;1;-1;1;-1;1;-1;-1;-1;1;-1;1;-1;1;1;-1;-1;1;-1;1;-1;1;-1;-1;-1;1;-1;1;-1;1;1;-1;-1;1;-1;1;-1;1;-1;-1;-1;1;-1;1;-1;1;1;-1;-1;1;-1;1;-1;1;-1;-1;-1;1;-1;1;-1;1;1;-1;-1;1;-1;1;-1;1
2,precision_2_timepoints_10_ising.coo,80,20,1024,70,0.05478700399398804,0.0,-66.0,-66.0,0.55,1;-1;-1;1;-1;1;-1;1;-1;-1;-1;1;-1;1;-1;1;1;-1;-1;1;-1;1;-1;1;-1;-1;-1;1;-1;1;-1;1;1;-1;-1;1;-1;1;-1;1;-1;-1;-1;1;-1;1;-1;1;1;-1;-1;1;-1;1;-1;1;-1;-1;-1;1;-1;1;-1;1;1;-1;-1;1;-1;1;-1;1;-1;-1;-1;1;-1;1;-1;1
2,precision_2_timepoints_11_ising.coo,88,20,1024,70,0.060698068141937254,0.0,-73.0,-73.0,0.4,1;-1;-1;1;-1;1;-1;1;-1;-1;-1;1;-1;1;-1;1;1;-1;-1;1;-1;1;-1;1;-1;-1;-1;1;-1;1;-1;1;1;-1;-1;1;-1;1;-1;1;-1;-1;-1;1;-1;1;-1;1;1;-1;-1;1;-1;1;-1;1;-1;-1;-1;1;-1;1;-1;1;1;-1;-1;1;-1;1;-1;1;-1;-1;-1;1;-1;1;-1;1;1;-1;-1;1;-1;1;-1;1
2,precision_2_timepoints_12_ising.coo,96,20,1024,70,0.06616365909576416,0.0,-80.0,-80.0,0.1,1;-1;-1;1;-1;1;-1;1;-1;-1;-1;1;-1;1;-1;1;1;-1;-1;1;-1;1;-1;1;-1;-1;-1;1;-1;1;-1;1;1;-1;-1;1;-1;1;-1;1;-1;-1;-1;1;-1;1;-1;1;1;-1;-1;1;-1;1;-1;1;-1;-1;-1;1;-1;1;-1;1;1;-1;-1;1;-1;1;-1;1;-1;-1;-1;1;-1;1;-1;1;1;-1;-1;1;-1;1;-1;1;-1;-1;-1;1;-1;1;-1;1
2,precision_2_timepoints_13_ising.coo,104,20,1024,70,0.071885085105896,0.0,-87.0,-87.0,0.2,1;-1;-1;1;-1;1;-1;1;-1;-1;-1;1;-1;1;-1;1;1;-1;-1;1;-1;1;-1;1;-1;-1;-1;1;-1;1;-1;1;1;-1;-1;1;-1;1;-1;1;-1;-1;-1;1;-1;1;-1;1;1;-1;-1;1;-1;1;-1;1;-1;-1;-1;1;-1;1;-1;1;1;-1;-1;1;-1;1;-1;1;-1;-1;-1;1;-1;1;-1;1;1;-1;-1;1;-1;1;-1;1;-1;-1;-1;1;-1;1;-1;1;1;-1;-1;1;-1;1;-1;1
2,precision_2_timepoints_14_ising.coo,112,20,1024,70,0.0773712158203125,0.5319148936170213,-93.5,-94.0,0.0,1;-1;-1;1;-1;1;-1;1;-1;-1;-1;1;-1;1;-1;1;1;-1;-1;1;-1;1;-1;1;-1;-1;-1;1;-1;1;-1;1;1;-1;-1;1;-1;1;-1;1;-1;-1;-1;1;-1;1;-1;1;1;-1;-1;1;-1;1;-1;1;-1;-1;-1;1;-1;1;-1;1;1;-1;-1;1;-1;1;-1;1;-1;-1;1;-1;-1;1;-1;1;1;-1;-1;-1;-1;1;-1;1;-1;-1;1;-1;-1;1;-1;1;1;-1;-1;-1;-1;1;-1;1;-1;-1;1;-1;-1;1;-1;1
2,precision_2_timepoints_2_ising.coo,16,20,1024,80,0.012314391136169434,0.0,-10.0,-10.0,1.0,1;-1;-1;1;-1;1;-1;1;-1;-1;-1;1;-1;1;-1;1
2,precision_2_timepoints_3_ising.coo,24,20,1024,80,0.018876051902770995,0.0,-17.0,-17.0,1.0,1;-1;-1;1;-1;1;-1;1;-1;-1;-1;1;-1;1;-1;1;1;-1;-1;1;-1;1;-1;1
2,precision_2_timepoints_4_ising.coo,32,20,1024,80,0.025167369842529298,0.0,-24.0,-24.0,1.0,1;-1;-1;1;-1;1;-1;1;-1;-1;-1;1;-1;1;-1;1;1;-1;-1;1;-1;1;-1;1;-1;-1;-1;1;-1;1;-1;1
2,precision_2_timepoints_5_ising.coo,40,20,1024,80,0.031315743923187256,0.0,-31.0,-31.0,1.0,1;-1;-1;1;-1;1;-1;1;-1;-1;-1;1;-1;1;-1;1;1;-1;-1;1;-1;1;-1;1;-1;-1;-1;1;-1;1;-1;1;1;-1;-1;1;-1;1;-1;1
2,precision_2_timepoints_6_ising.coo,48,20,1024,80,0.03744378089904785,0.0,-38.0,-38.0,1.0,1;-1;-1;1;-1;1;-1;1;-1;-1;-1;1;-1;1;-1;1;1;-1;-1;1;-1;1;-1;1;-1;-1;-1;1;-1;1;-1;1;1;-1;-1;1;-1;1;-1;1;-1;-1;-1;1;-1;1;-1;1
2,precision_2_timepoints_7_ising.coo,56,20,1024,80,0.043643951416015625,0.0,-45.0,-45.0,1.0,1;-1;-1;1;-1;1;-1;1;-1;-1;-1;1;-1;1;-1;1;1;-1;-1;1;-1;1;-1;1;-1;-1;-1;1;-1;1;-1;1;1;-1;-1;1;-1;1;-1;1;-1;-1;-1;1;-1;1;-1;1;1;-1;-1;1;-1;1;-1;1
2,precision_2_timepoints_8_ising.coo,64,20,1024,80,0.051296019554138185,0.0,-52.0,-52.0,1.0,1;-1;-1;1;-1;1;-1;1;-1;-1;-1;1;-1;1;-1;1;1;-1;-1;1;-1;1;-1;1;-1;-1;-1;1;-1;1;-1;1;1;-1;-1;1;-1;1;-1;1;-1;-1;-1;1;-1;1;-1;1;1;-1;-1;1;-1;1;-1;1;-1;-1;-1;1;-1;1;-1;1
2,precision_2_timepoints_9_ising.coo,72,20,1024,80,0.05607885122299194,0.0,-59.0,-59.0,1.0,1;-1;-1;1;-1;1;-1;1;-1;-1;-1;1;-1;1;-1;1;1;-1;-1;1;-1;1;-1;1;-1;-1;-1;1;-1;1;-1;1;1;-1;-1;1;-1;1;-1;1;-1;-1;-1;1;-1;1;-1;1;1;-1;-1;1;-1;1;-1;1;-1;-1;-1;1;-1;1;-1;1;1;-1;-1;1;-1;1;-1;1
2,precision_2_timepoints_10_ising.coo,80,20,1024,80,0.06256207227706909,0.0,-66.0,-66.0,0.65,1;-1;-1;1;-1;1;-1;1;-1;-1;-1;1;-1;1;-1;1;1;-1;-1;1;-1;1;-1;1;-1;-1;-1;1;-1;1;-1;1;1;-1;-1;1;-1;1;-1;1;-1;-1;-1;1;-1;1;-1;1;1;-1;-1;1;-1;1;-1;1;-1;-1;-1;1;-1;1;-1;1;1;-1;-1;1;-1;1;-1;1;-1;-1;-1;1;-1;1;-1;1
2,precision_2_timepoints_11_ising.coo,88,20,1024,80,0.0689734697341919,0.0,-73.0,-73.0,0.65,1;-1;-1;1;-1;1;-1;1;-1;-1;-1;1;-1;1;-1;1;1;-1;-1;1;-1;1;-1;1;-1;-1;-1;1;-1;1;-1;1;1;-1;-1;1;-1;1;-1;1;-1;-1;-1;1;-1;1;-1;1;1;-1;-1;1;-1;1;-1;1;-1;-1;-1;1;-1;1;-1;1;1;-1;-1;1;-1;1;-1;1;-1;-1;-1;1;-1;1;-1;1;1;-1;-1;1;-1;1;-1;1
2,precision_2_timepoints_12_ising.coo,96,20,1024,80,0.07553979158401489,0.0,-80.0,-80.0,0.2,1;-1;-1;1;-1;1;-1;1;-1;-1;-1;1;-1;1;-1;1;1;-1;-1;1;-1;1;-1;1;-1;-1;-1;1;-1;1;-1;1;1;-1;-1;1;-1;1;-1;1;-1;-1;-1;1;-1;1;-1;1;1;-1;-1;1;-1;1;-1;1;-1;-1;-1;1;-1;1;-1;1;1;-1;-1;1;-1;1;-1;1;-1;-1;-1;1;-1;1;-1;1;1;-1;-1;1;-1;1;-1;1;-1;-1;-1;1;-1;1;-1;1
2,precision_2_timepoints_13_ising.coo,104,20,1024,80,0.08176950216293336,0.5747126436781609,-86.5,-87.0,0.0,1;-1;-1;1;-1;1;-1;1;-1;-1;-1;1;-1;-1;-1;1;1;-1;-1;1;1;-1;-1;1;-1;-1;-1;1;-1;-1;-1;1;1;-1;-1;1;1;-1;-1;1;-1;-1;-1;1;-1;-1;-1;1;1;-1;-1;1;1;-1;-1;1;-1;-1;-1;1;-1;-1;-1;1;1;-1;-1;1;1;-1;-1;1;-1;-1;-1;1;-1;-1;-1;1;1;-1;-1;1;1;-1;-1;1;-1;-1;-1;1;-1;-1;-1;1;1;-1;-1;1;1;-1;-1;1
2,precision_2_timepoints_14_ising.coo,112,20,1024,80,0.08828195333480834,0.5319148936170213,-93.5,-94.0,0.0,1;-1;-1;1;-1;1;-1;1;-1;-1;-1;1;-1;1;-1;1;1;-1;-1;1;-1;1;-1;1;-1;-1;-1;1;-1;1;-1;1;1;-1;-1;1;-1;1;-1;1;-1;-1;-1;1;-1;1;-1;1;1;-1;-1;1;-1;1;1;-1;-1;-1;-1;1;-1;1;-1;-1;1;-1;-1;1;-1;1;1;-1;-1;-1;-1;1;-1;1;-1;-1;1;-1;-1;1;-1;1;1;-1;-1;-1;-1;1;-1;1;-1;-1;1;-1;-1;1;-1;1;1;-1;-1;-1;-1;1;-1;1;-1;-1
2,precision_2_timepoints_2_ising.coo,16,20,1024,90,0.013806891441345216,0.0,-10.0,-10.0,1.0,1;-1;-1;1;-1;1;-1;1;-1;-1;-1;1;-1;1;-1;1
2,precision_2_timepoints_3_ising.coo,24,20,1024,90,0.021286261081695557,0.0,-17.0,-17.0,1.0,1;-1;-1;1;-1;1;-1;1;-1;-1;-1;1;-1;1;-1;1;1;-1;-1;1;-1;1;-1;1
2,precision_2_timepoints_4_ising.coo,32,20,1024,90,0.028268146514892577,0.0,-24.0,-24.0,1.0,1;-1;-1;1;-1;1;-1;1;-1;-1;-1;1;-1;1;-1;1;1;-1;-1;1;-1;1;-1;1;-1;-1;-1;1;-1;1;-1;1
2,precision_2_timepoints_5_ising.coo,40,20,1024,90,0.03510870933532715,0.0,-31.0,-31.0,1.0,1;-1;-1;1;-1;1;-1;1;-1;-1;-1;1;-1;1;-1;1;1;-1;-1;1;-1;1;-1;1;-1;-1;-1;1;-1;1;-1;1;1;-1;-1;1;-1;1;-1;1
2,precision_2_timepoints_6_ising.coo,48,20,1024,90,0.04226211309432983,0.0,-38.0,-38.0,1.0,1;-1;-1;1;-1;1;-1;1;-1;-1;-1;1;-1;1;-1;1;1;-1;-1;1;-1;1;-1;1;-1;-1;-1;1;-1;1;-1;1;1;-1;-1;1;-1;1;-1;1;-1;-1;-1;1;-1;1;-1;1
2,precision_2_timepoints_7_ising.coo,56,20,1024,90,0.049158120155334474,0.0,-45.0,-45.0,1.0,1;-1;-1;1;-1;1;-1;1;-1;-1;-1;1;-1;1;-1;1;1;-1;-1;1;-1;1;-1;1;-1;-1;-1;1;-1;1;-1;1;1;-1;-1;1;-1;1;-1;1;-1;-1;-1;1;-1;1;-1;1;1;-1;-1;1;-1;1;-1;1
2,precision_2_timepoints_8_ising.coo,64,20,1024,90,0.056249475479125975,0.0,-52.0,-52.0,1.0,1;-1;-1;1;-1;1;-1;1;-1;-1;-1;1;-1;1;-1;1;1;-1;-1;1;-1;1;-1;1;-1;-1;-1;1;-1;1;-1;1;1;-1;-1;1;-1;1;-1;1;-1;-1;-1;1;-1;1;-1;1;1;-1;-1;1;-1;1;-1;1;-1;-1;-1;1;-1;1;-1;1
2,precision_2_timepoints_9_ising.coo,72,20,1024,90,0.06324447393417358,0.0,-59.0,-59.0,1.0,1;-1;-1;1;-1;1;-1;1;-1;-1;-1;1;-1;1;-1;1;1;-1;-1;1;-1;1;-1;1;-1;-1;-1;1;-1;1;-1;1;1;-1;-1;1;-1;1;-1;1;-1;-1;-1;1;-1;1;-1;1;1;-1;-1;1;-1;1;-1;1;-1;-1;-1;1;-1;1;-1;1;1;-1;-1;1;-1;1;-1;1
2,precision_2_timepoints_10_ising.coo,80,20,1024,90,0.0705691933631897,0.0,-66.0,-66.0,0.85,1;-1;-1;1;-1;1;-1;1;-1;-1;-1;1;-1;1;-1;1;1;-1;-1;1;-1;1;-1;1;-1;-1;-1;1;-1;1;-1;1;1;-1;-1;1;-1;1;-1;1;-1;-1;-1;1;-1;1;-1;1;1;-1;-1;1;-1;1;-1;1;-1;-1;-1;1;-1;1;-1;1;1;-1;-1;1;-1;1;-1;1;-1;-1;-1;1;-1;1;-1;1
2,precision_2_timepoints_11_ising.coo,88,20,1024,90,0.07755216360092163,0.0,-73.0,-73.0,0.6,1;-1;-1;1;-1;1;-1;1;-1;-1;-1;1;-1;1;-1;1;1;-1;-1;1;-1;1;-1;1;-1;-1;-1;1;-1;1;-1;1;1;-1;-1;1;-1;1;-1;1;-1;-1;-1;1;-1;1;-1;1;1;-1;-1;1;-1;1;-1;1;-1;-1;-1;1;-1;1;-1;1;1;-1;-1;1;-1;1;-1;1;-1;-1;-1;1;-1;1;-1;1;1;-1;-1;1;-1;1;-1;1
2,precision_2_timepoints_12_ising.coo,96,20,1024,90,0.0848691701889038,0.0,-80.0,-80.0,0.15,1;-1;-1;1;-1;1;-1;1;-1;-1;-1;1;-1;1;-1;1;1;-1;-1;1;-1;1;-1;1;-1;-1;-1;1;-1;1;-1;1;1;-1;-1;1;-1;1;-1;1;-1;-1;-1;1;-1;1;-1;1;1;-1;-1;1;-1;1;-1;1;-1;-1;-1;1;-1;1;-1;1;1;-1;-1;1;-1;1;-1;1;-1;-1;-1;1;-1;1;-1;1;1;-1;-1;1;-1;1;-1;1;-1;-1;-1;1;-1;1;-1;1
2,precision_2_timepoints_13_ising.coo,104,20,1024,90,0.09215528964996338,0.0,-87.0,-87.0,0.15,1;-1;-1;1;-1;1;-1;1;-1;-1;-1;1;-1;1;-1;1;1;-1;-1;1;-1;1;-1;1;-1;-1;-1;1;-1;1;-1;1;1;-1;-1;1;-1;1;-1;1;-1;-1;-1;1;-1;1;-1;1;1;-1;-1;1;-1;1;-1;1;-1;-1;-1;1;-1;1;-1;1;1;-1;-1;1;-1;1;-1;1;-1;-1;-1;1;-1;1;-1;1;1;-1;-1;1;-1;1;-1;1;-1;-1;-1;1;-1;1;-1;1;1;-1;-1;1;-1;1;-1;1
2,precision_2_timepoints_14_ising.coo,112,20,1024,90,0.09922900199890136,0.0,-94.0,-94.0,0.1,1;-1;-1;1;-1;1;-1;1;-1;-1;-1;1;-1;1;-1;1;1;-1;-1;1;-1;1;-1;1;-1;-1;-1;1;-1;1;-1;1;1;-1;-1;1;-1;1;-1;1;-1;-1;-1;1;-1;1;-1;1;1;-1;-1;1;-1;1;-1;1;-1;-1;-1;1;-1;1;-1;1;1;-1;-1;1;-1;1;-1;1;-1;-1;-1;1;-1;1;-1;1;1;-1;-1;1;-1;1;-1;1;-1;-1;-1;1;-1;1;-1;1;1;-1;-1;1;-1;1;-1;1;-1;-1;-1;1;-1;1;-1;1
2,precision_2_timepoints_2_ising.coo,16,20,1024,100,0.015356791019439698,0.0,-10.0,-10.0,1.0,1;-1;-1;1;-1;1;-1;1;-1;-1;-1;1;-1;1;-1;1
2,precision_2_timepoints_3_ising.coo,24,20,1024,100,0.023527467250823976,0.0,-17.0,-17.0,1.0,1;-1;-1;1;-1;1;-1;1;-1;-1;-1;1;-1;1;-1;1;1;-1;-1;1;-1;1;-1;1
2,precision_2_timepoints_4_ising.coo,32,20,1024,100,0.031405627727508545,0.0,-24.0,-24.0,1.0,1;-1;-1;1;-1;1;-1;1;-1;-1;-1;1;-1;1;-1;1;1;-1;-1;1;-1;1;-1;1;-1;-1;-1;1;-1;1;-1;1
2,precision_2_timepoints_5_ising.coo,40,20,1024,100,0.03901364803314209,0.0,-31.0,-31.0,1.0,1;-1;-1;1;-1;1;-1;1;-1;-1;-1;1;-1;1;-1;1;1;-1;-1;1;-1;1;-1;1;-1;-1;-1;1;-1;1;-1;1;1;-1;-1;1;-1;1;-1;1
2,precision_2_timepoints_6_ising.coo,48,20,1024,100,0.04685529470443726,0.0,-38.0,-38.0,1.0,1;-1;-1;1;-1;1;-1;1;-1;-1;-1;1;-1;1;-1;1;1;-1;-1;1;-1;1;-1;1;-1;-1;-1;1;-1;1;-1;1;1;-1;-1;1;-1;1;-1;1;-1;-1;-1;1;-1;1;-1;1
2,precision_2_timepoints_7_ising.coo,56,20,1024,100,0.05447543859481811,0.0,-45.0,-45.0,1.0,1;-1;-1;1;-1;1;-1;1;-1;-1;-1;1;-1;1;-1;1;1;-1;-1;1;-1;1;-1;1;-1;-1;-1;1;-1;1;-1;1;1;-1;-1;1;-1;1;-1;1;-1;-1;-1;1;-1;1;-1;1;1;-1;-1;1;-1;1;-1;1
2,precision_2_timepoints_8_ising.coo,64,20,1024,100,0.06233072280883789,0.0,-52.0,-52.0,1.0,1;-1;-1;1;-1;1;-1;1;-1;-1;-1;1;-1;1;-1;1;1;-1;-1;1;-1;1;-1;1;-1;-1;-1;1;-1;1;-1;1;1;-1;-1;1;-1;1;-1;1;-1;-1;-1;1;-1;1;-1;1;1;-1;-1;1;-1;1;-1;1;-1;-1;-1;1;-1;1;-1;1
2,precision_2_timepoints_9_ising.coo,72,20,1024,100,0.07007862329483032,0.0,-59.0,-59.0,1.0,1;-1;-1;1;-1;1;-1;1;-1;-1;-1;1;-1;1;-1;1;1;-1;-1;1;-1;1;-1;1;-1;-1;-1;1;-1;1;-1;1;1;-1;-1;1;-1;1;-1;1;-1;-1;-1;1;-1;1;-1;1;1;-1;-1;1;-1;1;-1;1;-1;-1;-1;1;-1;1;-1;1;1;-1;-1;1;-1;1;-1;1
2,precision_2_timepoints_10_ising.coo,80,20,1024,100,0.07804361581802369,0.0,-66.0,-66.0,0.9,1;-1;-1;1;-1;1;-1;1;-1;-1;-1;1;-1;1;-1;1;1;-1;-1;1;-1;1;-1;1;-1;-1;-1;1;-1;1;-1;1;1;-1;-1;1;-1;1;-1;1;-1;-1;-1;1;-1;1;-1;1;1;-1;-1;1;-1;1;-1;1;-1;-1;-1;1;-1;1;-1;1;1;-1;-1;1;-1;1;-1;1;-1;-1;-1;1;-1;1;-1;1
2,precision_2_timepoints_11_ising.coo,88,20,1024,100,0.08656048774719238,0.0,-73.0,-73.0,0.5,1;-1;-1;1;-1;1;-1;1;-1;-1;-1;1;-1;1;-1;1;1;-1;-1;1;-1;1;-1;1;-1;-1;-1;1;-1;1;-1;1;1;-1;-1;1;-1;1;-1;1;-1;-1;-1;1;-1;1;-1;1;1;-1;-1;1;-1;1;-1;1;-1;-1;-1;1;-1;1;-1;1;1;-1;-1;1;-1;1;-1;1;-1;-1;-1;1;-1;1;-1;1;1;-1;-1;1;-1;1;-1;1
2,precision_2_timepoints_12_ising.coo,96,20,1024,100,0.0945587158203125,0.0,-80.0,-80.0,0.45,1;-1;-1;1;-1;1;-1;1;-1;-1;-1;1;-1;1;-1;1;1;-1;-1;1;-1;1;-1;1;-1;-1;-1;1;-1;1;-1;1;1;-1;-1;1;-1;1;-1;1;-1;-1;-1;1;-1;1;-1;1;1;-1;-1;1;-1;1;-1;1;-1;-1;-1;1;-1;1;-1;1;1;-1;-1;1;-1;1;-1;1;-1;-1;-1;1;-1;1;-1;1;1;-1;-1;1;-1;1;-1;1;-1;-1;-1;1;-1;1;-1;1
2,precision_2_timepoints_13_ising.coo,104,20,1024,100,0.10198649168014526,0.0,-87.0,-87.0,0.25,1;-1;-1;1;-1;1;-1;1;-1;-1;-1;1;-1;1;-1;1;1;-1;-1;1;-1;1;-1;1;-1;-1;-1;1;-1;1;-1;1;1;-1;-1;1;-1;1;-1;1;-1;-1;-1;1;-1;1;-1;1;1;-1;-1;1;-1;1;-1;1;-1;-1;-1;1;-1;1;-1;1;1;-1;-1;1;-1;1;-1;1;-1;-1;-1;1;-1;1;-1;1;1;-1;-1;1;-1;1;-1;1;-1;-1;-1;1;-1;1;-1;1;1;-1;-1;1;-1;1;-1;1
2,precision_2_timepoints_14_ising.coo,112,20,1024,100,0.11001676321029663,0.0,-94.0,-94.0,0.15,1;-1;-1;1;-1;1;-1;1;-1;-1;-1;1;-1;1;-1;1;1;-1;-1;1;-1;1;-1;1;-1;-1;-1;1;-1;1;-1;1;1;-1;-1;1;-1;1;-1;1;-1;-1;-1;1;-1;1;-1;1;1;-1;-1;1;-1;1;-1;1;-1;-1;-1;1;-1;1;-1;1;1;-1;-1;1;-1;1;-1;1;-1;-1;-1;1;-1;1;-1;1;1;-1;-1;1;-1;1;-1;1;-1;-1;-1;1;-1;1;-1;1;1;-1;-1;1;-1;1;-1;1;-1;-1;-1;1;-1;1;-1;1
2,precision_2_timepoints_2_ising.coo,16,20,1024,200,0.030382108688354493,0.0,-10.0,-10.0,1.0,1;-1;-1;1;-1;1;-1;1;-1;-1;-1;1;-1;1;-1;1
2,precision_2_timepoints_3_ising.coo,24,20,1024,200,0.04683383703231812,0.0,-17.0,-17.0,1.0,1;-1;-1;1;-1;1;-1;1;-1;-1;-1;1;-1;1;-1;1;1;-1;-1;1;-1;1;-1;1
2,precision_2_timepoints_4_ising.coo,32,20,1024,200,0.062283527851104734,0.0,-24.0,-24.0,1.0,1;-1;-1;1;-1;1;-1;1;-1;-1;-1;1;-1;1;-1;1;1;-1;-1;1;-1;1;-1;1;-1;-1;-1;1;-1;1;-1;1
2,precision_2_timepoints_5_ising.coo,40,20,1024,200,0.07744500637054444,0.0,-31.0,-31.0,1.0,1;-1;-1;1;-1;1;-1;1;-1;-1;-1;1;-1;1;-1;1;1;-1;-1;1;-1;1;-1;1;-1;-1;-1;1;-1;1;-1;1;1;-1;-1;1;-1;1;-1;1
2,precision_2_timepoints_6_ising.coo,48,20,1024,200,0.09266213178634644,0.0,-38.0,-38.0,1.0,1;-1;-1;1;-1;1;-1;1;-1;-1;-1;1;-1;1;-1;1;1;-1;-1;1;-1;1;-1;1;-1;-1;-1;1;-1;1;-1;1;1;-1;-1;1;-1;1;-1;1;-1;-1;-1;1;-1;1;-1;1
2,precision_2_timepoints_7_ising.coo,56,20,1024,200,0.10753493309020996,0.0,-45.0,-45.0,1.0,1;-1;-1;1;-1;1;-1;1;-1;-1;-1;1;-1;1;-1;1;1;-1;-1;1;-1;1;-1;1;-1;-1;-1;1;-1;1;-1;1;1;-1;-1;1;-1;1;-1;1;-1;-1;-1;1;-1;1;-1;1;1;-1;-1;1;-1;1;-1;1
2,precision_2_timepoints_8_ising.coo,64,20,1024,200,0.12285394668579101,0.0,-52.0,-52.0,1.0,1;-1;-1;1;-1;1;-1;1;-1;-1;-1;1;-1;1;-1;1;1;-1;-1;1;-1;1;-1;1;-1;-1;-1;1;-1;1;-1;1;1;-1;-1;1;-1;1;-1;1;-1;-1;-1;1;-1;1;-1;1;1;-1;-1;1;-1;1;-1;1;-1;-1;-1;1;-1;1;-1;1
2,precision_2_timepoints_9_ising.coo,72,20,1024,200,0.13806214332580566,0.0,-59.0,-59.0,1.0,1;-1;-1;1;-1;1;-1;1;-1;-1;-1;1;-1;1;-1;1;1;-1;-1;1;-1;1;-1;1;-1;-1;-1;1;-1;1;-1;1;1;-1;-1;1;-1;1;-1;1;-1;-1;-1;1;-1;1;-1;1;1;-1;-1;1;-1;1;-1;1;-1;-1;-1;1;-1;1;-1;1;1;-1;-1;1;-1;1;-1;1
2,precision_2_timepoints_10_ising.coo,80,20,1024,200,0.15442516803741455,0.0,-66.0,-66.0,0.95,1;-1;-1;1;-1;1;-1;1;-1;-1;-1;1;-1;1;-1;1;1;-1;-1;1;-1;1;-1;1;-1;-1;-1;1;-1;1;-1;1;1;-1;-1;1;-1;1;-1;1;-1;-1;-1;1;-1;1;-1;1;1;-1;-1;1;-1;1;-1;1;-1;-1;-1;1;-1;1;-1;1;1;-1;-1;1;-1;1;-1;1;-1;-1;-1;1;-1;1;-1;1
2,precision_2_timepoints_11_ising.coo,88,20,1024,200,0.16961891651153566,0.0,-73.0,-73.0,0.9,1;-1;-1;1;-1;1;-1;1;-1;-1;-1;1;-1;1;-1;1;1;-1;-1;1;-1;1;-1;1;-1;-1;-1;1;-1;1;-1;1;1;-1;-1;1;-1;1;-1;1;-1;-1;-1;1;-1;1;-1;1;1;-1;-1;1;-1;1;-1;1;-1;-1;-1;1;-1;1;-1;1;1;-1;-1;1;-1;1;-1;1;-1;-1;-1;1;-1;1;-1;1;1;-1;-1;1;-1;1;-1;1
2,precision_2_timepoints_12_ising.coo,96,20,1024,200,0.1850263476371765,0.0,-80.0,-80.0,0.65,1;-1;-1;1;-1;1;-1;1;-1;-1;-1;1;-1;1;-1;1;1;-1;-1;1;-1;1;-1;1;-1;-1;-1;1;-1;1;-1;1;1;-1;-1;1;-1;1;-1;1;-1;-1;-1;1;-1;1;-1;1;1;-1;-1;1;-1;1;-1;1;-1;-1;-1;1;-1;1;-1;1;1;-1;-1;1;-1;1;-1;1;-1;-1;-1;1;-1;1;-1;1;1;-1;-1;1;-1;1;-1;1;-1;-1;-1;1;-1;1;-1;1
2,precision_2_timepoints_13_ising.coo,104,20,1024,200,0.2011217713356018,0.0,-87.0,-87.0,0.5,1;-1;-1;1;-1;1;-1;1;-1;-1;-1;1;-1;1;-1;1;1;-1;-1;1;-1;1;-1;1;-1;-1;-1;1;-1;1;-1;1;1;-1;-1;1;-1;1;-1;1;-1;-1;-1;1;-1;1;-1;1;1;-1;-1;1;-1;1;-1;1;-1;-1;-1;1;-1;1;-1;1;1;-1;-1;1;-1;1;-1;1;-1;-1;-1;1;-1;1;-1;1;1;-1;-1;1;-1;1;-1;1;-1;-1;-1;1;-1;1;-1;1;1;-1;-1;1;-1;1;-1;1
2,precision_2_timepoints_14_ising.coo,112,20,1024,200,0.21655685901641847,0.0,-94.0,-94.0,0.25,1;-1;-1;1;-1;1;-1;1;-1;-1;-1;1;-1;1;-1;1;1;-1;-1;1;-1;1;-1;1;-1;-1;-1;1;-1;1;-1;1;1;-1;-1;1;-1;1;-1;1;-1;-1;-1;1;-1;1;-1;1;1;-1;-1;1;-1;1;-1;1;-1;-1;-1;1;-1;1;-1;1;1;-1;-1;1;-1;1;-1;1;-1;-1;-1;1;-1;1;-1;1;1;-1;-1;1;-1;1;-1;1;-1;-1;-1;1;-1;1;-1;1;1;-1;-1;1;-1;1;-1;1;-1;-1;-1;1;-1;1;-1;1
2,precision_2_timepoints_2_ising.coo,16,20,1024,300,0.0454917311668396,0.0,-10.0,-10.0,1.0,1;-1;-1;1;-1;1;-1;1;-1;-1;-1;1;-1;1;-1;1
2,precision_2_timepoints_3_ising.coo,24,20,1024,300,0.06957218647003174,0.0,-17.0,-17.0,1.0,1;-1;-1;1;-1;1;-1;1;-1;-1;-1;1;-1;1;-1;1;1;-1;-1;1;-1;1;-1;1
2,precision_2_timepoints_4_ising.coo,32,20,1024,300,0.0926923394203186,0.0,-24.0,-24.0,1.0,1;-1;-1;1;-1;1;-1;1;-1;-1;-1;1;-1;1;-1;1;1;-1;-1;1;-1;1;-1;1;-1;-1;-1;1;-1;1;-1;1
2,precision_2_timepoints_5_ising.coo,40,20,1024,300,0.115170156955719,0.0,-31.0,-31.0,1.0,1;-1;-1;1;-1;1;-1;1;-1;-1;-1;1;-1;1;-1;1;1;-1;-1;1;-1;1;-1;1;-1;-1;-1;1;-1;1;-1;1;1;-1;-1;1;-1;1;-1;1
2,precision_2_timepoints_6_ising.coo,48,20,1024,300,0.13870800733566285,0.0,-38.0,-38.0,1.0,1;-1;-1;1;-1;1;-1;1;-1;-1;-1;1;-1;1;-1;1;1;-1;-1;1;-1;1;-1;1;-1;-1;-1;1;-1;1;-1;1;1;-1;-1;1;-1;1;-1;1;-1;-1;-1;1;-1;1;-1;1
2,precision_2_timepoints_7_ising.coo,56,20,1024,300,0.16064164638519288,0.0,-45.0,-45.0,1.0,1;-1;-1;1;-1;1;-1;1;-1;-1;-1;1;-1;1;-1;1;1;-1;-1;1;-1;1;-1;1;-1;-1;-1;1;-1;1;-1;1;1;-1;-1;1;-1;1;-1;1;-1;-1;-1;1;-1;1;-1;1;1;-1;-1;1;-1;1;-1;1
2,precision_2_timepoints_8_ising.coo,64,20,1024,300,0.18400663137435913,0.0,-52.0,-52.0,1.0,1;-1;-1;1;-1;1;-1;1;-1;-1;-1;1;-1;1;-1;1;1;-1;-1;1;-1;1;-1;1;-1;-1;-1;1;-1;1;-1;1;1;-1;-1;1;-1;1;-1;1;-1;-1;-1;1;-1;1;-1;1;1;-1;-1;1;-1;1;-1;1;-1;-1;-1;1;-1;1;-1;1
2,precision_2_timepoints_9_ising.coo,72,20,1024,300,0.2058671236038208,0.0,-59.0,-59.0,1.0,1;-1;-1;1;-1;1;-1;1;-1;-1;-1;1;-1;1;-1;1;1;-1;-1;1;-1;1;-1;1;-1;-1;-1;1;-1;1;-1;1;1;-1;-1;1;-1;1;-1;1;-1;-1;-1;1;-1;1;-1;1;1;-1;-1;1;-1;1;-1;1;-1;-1;-1;1;-1;1;-1;1;1;-1;-1;1;-1;1;-1;1
2,precision_2_timepoints_10_ising.coo,80,20,1024,300,0.22945674657821655,0.0,-66.0,-66.0,1.0,1;-1;-1;1;-1;1;-1;1;-1;-1;-1;1;-1;1;-1;1;1;-1;-1;1;-1;1;-1;1;-1;-1;-1;1;-1;1;-1;1;1;-1;-1;1;-1;1;-1;1;-1;-1;-1;1;-1;1;-1;1;1;-1;-1;1;-1;1;-1;1;-1;-1;-1;1;-1;1;-1;1;1;-1;-1;1;-1;1;-1;1;-1;-1;-1;1;-1;1;-1;1
2,precision_2_timepoints_11_ising.coo,88,20,1024,300,0.25264793634414673,0.0,-73.0,-73.0,1.0,1;-1;-1;1;-1;1;-1;1;-1;-1;-1;1;-1;1;-1;1;1;-1;-1;1;-1;1;-1;1;-1;-1;-1;1;-1;1;-1;1;1;-1;-1;1;-1;1;-1;1;-1;-1;-1;1;-1;1;-1;1;1;-1;-1;1;-1;1;-1;1;-1;-1;-1;1;-1;1;-1;1;1;-1;-1;1;-1;1;-1;1;-1;-1;-1;1;-1;1;-1;1;1;-1;-1;1;-1;1;-1;1
2,precision_2_timepoints_12_ising.coo,96,20,1024,300,0.2761404275894165,0.0,-80.0,-80.0,0.8,1;-1;-1;1;-1;1;-1;1;-1;-1;-1;1;-1;1;-1;1;1;-1;-1;1;-1;1;-1;1;-1;-1;-1;1;-1;1;-1;1;1;-1;-1;1;-1;1;-1;1;-1;-1;-1;1;-1;1;-1;1;1;-1;-1;1;-1;1;-1;1;-1;-1;-1;1;-1;1;-1;1;1;-1;-1;1;-1;1;-1;1;-1;-1;-1;1;-1;1;-1;1;1;-1;-1;1;-1;1;-1;1;-1;-1;-1;1;-1;1;-1;1
2,precision_2_timepoints_13_ising.coo,104,20,1024,300,0.29905622005462645,0.0,-87.0,-87.0,0.75,1;-1;-1;1;-1;1;-1;1;-1;-1;-1;1;-1;1;-1;1;1;-1;-1;1;-1;1;-1;1;-1;-1;-1;1;-1;1;-1;1;1;-1;-1;1;-1;1;-1;1;-1;-1;-1;1;-1;1;-1;1;1;-1;-1;1;-1;1;-1;1;-1;-1;-1;1;-1;1;-1;1;1;-1;-1;1;-1;1;-1;1;-1;-1;-1;1;-1;1;-1;1;1;-1;-1;1;-1;1;-1;1;-1;-1;-1;1;-1;1;-1;1;1;-1;-1;1;-1;1;-1;1
2,precision_2_timepoints_14_ising.coo,112,20,1024,300,0.3230733036994934,0.0,-94.0,-94.0,0.5,1;-1;-1;1;-1;1;-1;1;-1;-1;-1;1;-1;1;-1;1;1;-1;-1;1;-1;1;-1;1;-1;-1;-1;1;-1;1;-1;1;1;-1;-1;1;-1;1;-1;1;-1;-1;-1;1;-1;1;-1;1;1;-1;-1;1;-1;1;-1;1;-1;-1;-1;1;-1;1;-1;1;1;-1;-1;1;-1;1;-1;1;-1;-1;-1;1;-1;1;-1;1;1;-1;-1;1;-1;1;-1;1;-1;-1;-1;1;-1;1;-1;1;1;-1;-1;1;-1;1;-1;1;-1;-1;-1;1;-1;1;-1;1
2,precision_2_timepoints_2_ising.coo,16,20,1024,400,0.06145038604736328,0.0,-10.0,-10.0,1.0,1;-1;-1;1;-1;1;-1;1;-1;-1;-1;1;-1;1;-1;1
2,precision_2_timepoints_3_ising.coo,24,20,1024,400,0.09246845245361328,0.0,-17.0,-17.0,1.0,1;-1;-1;1;-1;1;-1;1;-1;-1;-1;1;-1;1;-1;1;1;-1;-1;1;-1;1;-1;1
2,precision_2_timepoints_4_ising.coo,32,20,1024,400,0.12360156774520874,0.0,-24.0,-24.0,1.0,1;-1;-1;1;-1;1;-1;1;-1;-1;-1;1;-1;1;-1;1;1;-1;-1;1;-1;1;-1;1;-1;-1;-1;1;-1;1;-1;1
2,precision_2_timepoints_5_ising.coo,40,20,1024,400,0.15272095203399658,0.0,-31.0,-31.0,1.0,1;-1;-1;1;-1;1;-1;1;-1;-1;-1;1;-1;1;-1;1;1;-1;-1;1;-1;1;-1;1;-1;-1;-1;1;-1;1;-1;1;1;-1;-1;1;-1;1;-1;1
2,precision_2_timepoints_6_ising.coo,48,20,1024,400,0.18374037742614746,0.0,-38.0,-38.0,1.0,1;-1;-1;1;-1;1;-1;1;-1;-1;-1;1;-1;1;-1;1;1;-1;-1;1;-1;1;-1;1;-1;-1;-1;1;-1;1;-1;1;1;-1;-1;1;-1;1;-1;1;-1;-1;-1;1;-1;1;-1;1
2,precision_2_timepoints_7_ising.coo,56,20,1024,400,0.2134750485420227,0.0,-45.0,-45.0,1.0,1;-1;-1;1;-1;1;-1;1;-1;-1;-1;1;-1;1;-1;1;1;-1;-1;1;-1;1;-1;1;-1;-1;-1;1;-1;1;-1;1;1;-1;-1;1;-1;1;-1;1;-1;-1;-1;1;-1;1;-1;1;1;-1;-1;1;-1;1;-1;1
2,precision_2_timepoints_8_ising.coo,64,20,1024,400,0.24323004484176636,0.0,-52.0,-52.0,1.0,1;-1;-1;1;-1;1;-1;1;-1;-1;-1;1;-1;1;-1;1;1;-1;-1;1;-1;1;-1;1;-1;-1;-1;1;-1;1;-1;1;1;-1;-1;1;-1;1;-1;1;-1;-1;-1;1;-1;1;-1;1;1;-1;-1;1;-1;1;-1;1;-1;-1;-1;1;-1;1;-1;1
2,precision_2_timepoints_9_ising.coo,72,20,1024,400,0.27339192628860476,0.0,-59.0,-59.0,1.0,1;-1;-1;1;-1;1;-1;1;-1;-1;-1;1;-1;1;-1;1;1;-1;-1;1;-1;1;-1;1;-1;-1;-1;1;-1;1;-1;1;1;-1;-1;1;-1;1;-1;1;-1;-1;-1;1;-1;1;-1;1;1;-1;-1;1;-1;1;-1;1;-1;-1;-1;1;-1;1;-1;1;1;-1;-1;1;-1;1;-1;1
2,precision_2_timepoints_10_ising.coo,80,20,1024,400,0.30522326231002805,0.0,-66.0,-66.0,1.0,1;-1;-1;1;-1;1;-1;1;-1;-1;-1;1;-1;1;-1;1;1;-1;-1;1;-1;1;-1;1;-1;-1;-1;1;-1;1;-1;1;1;-1;-1;1;-1;1;-1;1;-1;-1;-1;1;-1;1;-1;1;1;-1;-1;1;-1;1;-1;1;-1;-1;-1;1;-1;1;-1;1;1;-1;-1;1;-1;1;-1;1;-1;-1;-1;1;-1;1;-1;1
2,precision_2_timepoints_11_ising.coo,88,20,1024,400,0.33705050945281984,0.0,-73.0,-73.0,1.0,1;-1;-1;1;-1;1;-1;1;-1;-1;-1;1;-1;1;-1;1;1;-1;-1;1;-1;1;-1;1;-1;-1;-1;1;-1;1;-1;1;1;-1;-1;1;-1;1;-1;1;-1;-1;-1;1;-1;1;-1;1;1;-1;-1;1;-1;1;-1;1;-1;-1;-1;1;-1;1;-1;1;1;-1;-1;1;-1;1;-1;1;-1;-1;-1;1;-1;1;-1;1;1;-1;-1;1;-1;1;-1;1
2,precision_2_timepoints_12_ising.coo,96,20,1024,400,0.36734503507614136,0.0,-80.0,-80.0,0.8,1;-1;-1;1;-1;1;-1;1;-1;-1;-1;1;-1;1;-1;1;1;-1;-1;1;-1;1;-1;1;-1;-1;-1;1;-1;1;-1;1;1;-1;-1;1;-1;1;-1;1;-1;-1;-1;1;-1;1;-1;1;1;-1;-1;1;-1;1;-1;1;-1;-1;-1;1;-1;1;-1;1;1;-1;-1;1;-1;1;-1;1;-1;-1;-1;1;-1;1;-1;1;1;-1;-1;1;-1;1;-1;1;-1;-1;-1;1;-1;1;-1;1
2,precision_2_timepoints_13_ising.coo,104,20,1024,400,0.39880571365356443,0.0,-87.0,-87.0,0.9,1;-1;-1;1;-1;1;-1;1;-1;-1;-1;1;-1;1;-1;1;1;-1;-1;1;-1;1;-1;1;-1;-1;-1;1;-1;1;-1;1;1;-1;-1;1;-1;1;-1;1;-1;-1;-1;1;-1;1;-1;1;1;-1;-1;1;-1;1;-1;1;-1;-1;-1;1;-1;1;-1;1;1;-1;-1;1;-1;1;-1;1;-1;-1;-1;1;-1;1;-1;1;1;-1;-1;1;-1;1;-1;1;-1;-1;-1;1;-1;1;-1;1;1;-1;-1;1;-1;1;-1;1
2,precision_2_timepoints_14_ising.coo,112,20,1024,400,0.42787925004959104,0.0,-94.0,-94.0,0.6,1;-1;-1;1;-1;1;-1;1;-1;-1;-1;1;-1;1;-1;1;1;-1;-1;1;-1;1;-1;1;-1;-1;-1;1;-1;1;-1;1;1;-1;-1;1;-1;1;-1;1;-1;-1;-1;1;-1;1;-1;1;1;-1;-1;1;-1;1;-1;1;-1;-1;-1;1;-1;1;-1;1;1;-1;-1;1;-1;1;-1;1;-1;-1;-1;1;-1;1;-1;1;1;-1;-1;1;-1;1;-1;1;-1;-1;-1;1;-1;1;-1;1;1;-1;-1;1;-1;1;-1;1;-1;-1;-1;1;-1;1;-1;1
2,precision_2_timepoints_2_ising.coo,16,20,1024,500,0.07492910623550415,0.0,-10.0,-10.0,1.0,1;-1;-1;1;-1;1;-1;1;-1;-1;-1;1;-1;1;-1;1
2,precision_2_timepoints_3_ising.coo,24,20,1024,500,0.11530079841613769,0.0,-17.0,-17.0,1.0,1;-1;-1;1;-1;1;-1;1;-1;-1;-1;1;-1;1;-1;1;1;-1;-1;1;-1;1;-1;1
2,precision_2_timepoints_4_ising.coo,32,20,1024,500,0.15425715446472169,0.0,-24.0,-24.0,1.0,1;-1;-1;1;-1;1;-1;1;-1;-1;-1;1;-1;1;-1;1;1;-1;-1;1;-1;1;-1;1;-1;-1;-1;1;-1;1;-1;1
2,precision_2_timepoints_5_ising.coo,40,20,1024,500,0.19135878086090088,0.0,-31.0,-31.0,1.0,1;-1;-1;1;-1;1;-1;1;-1;-1;-1;1;-1;1;-1;1;1;-1;-1;1;-1;1;-1;1;-1;-1;-1;1;-1;1;-1;1;1;-1;-1;1;-1;1;-1;1
2,precision_2_timepoints_6_ising.coo,48,20,1024,500,0.22900930643081666,0.0,-38.0,-38.0,1.0,1;-1;-1;1;-1;1;-1;1;-1;-1;-1;1;-1;1;-1;1;1;-1;-1;1;-1;1;-1;1;-1;-1;-1;1;-1;1;-1;1;1;-1;-1;1;-1;1;-1;1;-1;-1;-1;1;-1;1;-1;1
2,precision_2_timepoints_7_ising.coo,56,20,1024,500,0.26560631990432737,0.0,-45.0,-45.0,1.0,1;-1;-1;1;-1;1;-1;1;-1;-1;-1;1;-1;1;-1;1;1;-1;-1;1;-1;1;-1;1;-1;-1;-1;1;-1;1;-1;1;1;-1;-1;1;-1;1;-1;1;-1;-1;-1;1;-1;1;-1;1;1;-1;-1;1;-1;1;-1;1
2,precision_2_timepoints_8_ising.coo,64,20,1024,500,0.30321321487426756,0.0,-52.0,-52.0,1.0,1;-1;-1;1;-1;1;-1;1;-1;-1;-1;1;-1;1;-1;1;1;-1;-1;1;-1;1;-1;1;-1;-1;-1;1;-1;1;-1;1;1;-1;-1;1;-1;1;-1;1;-1;-1;-1;1;-1;1;-1;1;1;-1;-1;1;-1;1;-1;1;-1;-1;-1;1;-1;1;-1;1
2,precision_2_timepoints_9_ising.coo,72,20,1024,500,0.34078248739242556,0.0,-59.0,-59.0,1.0,1;-1;-1;1;-1;1;-1;1;-1;-1;-1;1;-1;1;-1;1;1;-1;-1;1;-1;1;-1;1;-1;-1;-1;1;-1;1;-1;1;1;-1;-1;1;-1;1;-1;1;-1;-1;-1;1;-1;1;-1;1;1;-1;-1;1;-1;1;-1;1;-1;-1;-1;1;-1;1;-1;1;1;-1;-1;1;-1;1;-1;1
2,precision_2_timepoints_10_ising.coo,80,20,1024,500,0.37985185384750364,0.0,-66.0,-66.0,1.0,1;-1;-1;1;-1;1;-1;1;-1;-1;-1;1;-1;1;-1;1;1;-1;-1;1;-1;1;-1;1;-1;-1;-1;1;-1;1;-1;1;1;-1;-1;1;-1;1;-1;1;-1;-1;-1;1;-1;1;-1;1;1;-1;-1;1;-1;1;-1;1;-1;-1;-1;1;-1;1;-1;1;1;-1;-1;1;-1;1;-1;1;-1;-1;-1;1;-1;1;-1;1
2,precision_2_timepoints_11_ising.coo,88,20,1024,500,0.4187787055969238,0.0,-73.0,-73.0,1.0,1;-1;-1;1;-1;1;-1;1;-1;-1;-1;1;-1;1;-1;1;1;-1;-1;1;-1;1;-1;1;-1;-1;-1;1;-1;1;-1;1;1;-1;-1;1;-1;1;-1;1;-1;-1;-1;1;-1;1;-1;1;1;-1;-1;1;-1;1;-1;1;-1;-1;-1;1;-1;1;-1;1;1;-1;-1;1;-1;1;-1;1;-1;-1;-1;1;-1;1;-1;1;1;-1;-1;1;-1;1;-1;1
2,precision_2_timepoints_12_ising.coo,96,20,1024,500,0.4570318698883057,0.0,-80.0,-80.0,0.95,1;-1;-1;1;-1;1;-1;1;-1;-1;-1;1;-1;1;-1;1;1;-1;-1;1;-1;1;-1;1;-1;-1;-1;1;-1;1;-1;1;1;-1;-1;1;-1;1;-1;1;-1;-1;-1;1;-1;1;-1;1;1;-1;-1;1;-1;1;-1;1;-1;-1;-1;1;-1;1;-1;1;1;-1;-1;1;-1;1;-1;1;-1;-1;-1;1;-1;1;-1;1;1;-1;-1;1;-1;1;-1;1;-1;-1;-1;1;-1;1;-1;1
2,precision_2_timepoints_13_ising.coo,104,20,1024,500,0.4956315398216248,0.0,-87.0,-87.0,0.9,1;-1;-1;1;-1;1;-1;1;-1;-1;-1;1;-1;1;-1;1;1;-1;-1;1;-1;1;-1;1;-1;-1;-1;1;-1;1;-1;1;1;-1;-1;1;-1;1;-1;1;-1;-1;-1;1;-1;1;-1;1;1;-1;-1;1;-1;1;-1;1;-1;-1;-1;1;-1;1;-1;1;1;-1;-1;1;-1;1;-1;1;-1;-1;-1;1;-1;1;-1;1;1;-1;-1;1;-1;1;-1;1;-1;-1;-1;1;-1;1;-1;1;1;-1;-1;1;-1;1;-1;1
2,precision_2_timepoints_14_ising.coo,112,20,1024,500,0.5349041581153869,0.0,-94.0,-94.0,0.8,1;-1;-1;1;-1;1;-1;1;-1;-1;-1;1;-1;1;-1;1;1;-1;-1;1;-1;1;-1;1;-1;-1;-1;1;-1;1;-1;1;1;-1;-1;1;-1;1;-1;1;-1;-1;-1;1;-1;1;-1;1;1;-1;-1;1;-1;1;-1;1;-1;-1;-1;1;-1;1;-1;1;1;-1;-1;1;-1;1;-1;1;-1;-1;-1;1;-1;1;-1;1;1;-1;-1;1;-1;1;-1;1;-1;-1;-1;1;-1;1;-1;1;1;-1;-1;1;-1;1;-1;1;-1;-1;-1;1;-1;1;-1;1
2,precision_2_timepoints_2_ising.coo,16,20,1024,600,0.08997992277145386,0.0,-10.0,-10.0,1.0,1;-1;-1;1;-1;1;-1;1;-1;-1;-1;1;-1;1;-1;1
2,precision_2_timepoints_3_ising.coo,24,20,1024,600,0.13793286085128784,0.0,-17.0,-17.0,1.0,1;-1;-1;1;-1;1;-1;1;-1;-1;-1;1;-1;1;-1;1;1;-1;-1;1;-1;1;-1;1
2,precision_2_timepoints_4_ising.coo,32,20,1024,600,0.18347564935684205,0.0,-24.0,-24.0,1.0,1;-1;-1;1;-1;1;-1;1;-1;-1;-1;1;-1;1;-1;1;1;-1;-1;1;-1;1;-1;1;-1;-1;-1;1;-1;1;-1;1
2,precision_2_timepoints_5_ising.coo,40,20,1024,600,0.2275133490562439,0.0,-31.0,-31.0,1.0,1;-1;-1;1;-1;1;-1;1;-1;-1;-1;1;-1;1;-1;1;1;-1;-1;1;-1;1;-1;1;-1;-1;-1;1;-1;1;-1;1;1;-1;-1;1;-1;1;-1;1
2,precision_2_timepoints_6_ising.coo,48,20,1024,600,0.27431640625,0.0,-38.0,-38.0,1.0,1;-1;-1;1;-1;1;-1;1;-1;-1;-1;1;-1;1;-1;1;1;-1;-1;1;-1;1;-1;1;-1;-1;-1;1;-1;1;-1;1;1;-1;-1;1;-1;1;-1;1;-1;-1;-1;1;-1;1;-1;1
2,precision_2_timepoints_7_ising.coo,56,20,1024,600,0.31856144666671754,0.0,-45.0,-45.0,1.0,1;-1;-1;1;-1;1;-1;1;-1;-1;-1;1;-1;1;-1;1;1;-1;-1;1;-1;1;-1;1;-1;-1;-1;1;-1;1;-1;1;1;-1;-1;1;-1;1;-1;1;-1;-1;-1;1;-1;1;-1;1;1;-1;-1;1;-1;1;-1;1
2,precision_2_timepoints_8_ising.coo,64,20,1024,600,0.3639199614524841,0.0,-52.0,-52.0,1.0,1;-1;-1;1;-1;1;-1;1;-1;-1;-1;1;-1;1;-1;1;1;-1;-1;1;-1;1;-1;1;-1;-1;-1;1;-1;1;-1;1;1;-1;-1;1;-1;1;-1;1;-1;-1;-1;1;-1;1;-1;1;1;-1;-1;1;-1;1;-1;1;-1;-1;-1;1;-1;1;-1;1
2,precision_2_timepoints_9_ising.coo,72,20,1024,600,0.4075172543525696,0.0,-59.0,-59.0,1.0,1;-1;-1;1;-1;1;-1;1;-1;-1;-1;1;-1;1;-1;1;1;-1;-1;1;-1;1;-1;1;-1;-1;-1;1;-1;1;-1;1;1;-1;-1;1;-1;1;-1;1;-1;-1;-1;1;-1;1;-1;1;1;-1;-1;1;-1;1;-1;1;-1;-1;-1;1;-1;1;-1;1;1;-1;-1;1;-1;1;-1;1
2,precision_2_timepoints_10_ising.coo,80,20,1024,600,0.4542086124420166,0.0,-66.0,-66.0,1.0,1;-1;-1;1;-1;1;-1;1;-1;-1;-1;1;-1;1;-1;1;1;-1;-1;1;-1;1;-1;1;-1;-1;-1;1;-1;1;-1;1;1;-1;-1;1;-1;1;-1;1;-1;-1;-1;1;-1;1;-1;1;1;-1;-1;1;-1;1;-1;1;-1;-1;-1;1;-1;1;-1;1;1;-1;-1;1;-1;1;-1;1;-1;-1;-1;1;-1;1;-1;1
2,precision_2_timepoints_11_ising.coo,88,20,1024,600,0.5007026672363282,0.0,-73.0,-73.0,1.0,1;-1;-1;1;-1;1;-1;1;-1;-1;-1;1;-1;1;-1;1;1;-1;-1;1;-1;1;-1;1;-1;-1;-1;1;-1;1;-1;1;1;-1;-1;1;-1;1;-1;1;-1;-1;-1;1;-1;1;-1;1;1;-1;-1;1;-1;1;-1;1;-1;-1;-1;1;-1;1;-1;1;1;-1;-1;1;-1;1;-1;1;-1;-1;-1;1;-1;1;-1;1;1;-1;-1;1;-1;1;-1;1
2,precision_2_timepoints_12_ising.coo,96,20,1024,600,0.5477775812149048,0.0,-80.0,-80.0,1.0,1;-1;-1;1;-1;1;-1;1;-1;-1;-1;1;-1;1;-1;1;1;-1;-1;1;-1;1;-1;1;-1;-1;-1;1;-1;1;-1;1;1;-1;-1;1;-1;1;-1;1;-1;-1;-1;1;-1;1;-1;1;1;-1;-1;1;-1;1;-1;1;-1;-1;-1;1;-1;1;-1;1;1;-1;-1;1;-1;1;-1;1;-1;-1;-1;1;-1;1;-1;1;1;-1;-1;1;-1;1;-1;1;-1;-1;-1;1;-1;1;-1;1
2,precision_2_timepoints_13_ising.coo,104,20,1024,600,0.5921253800392151,0.0,-87.0,-87.0,0.9,1;-1;-1;1;-1;1;-1;1;-1;-1;-1;1;-1;1;-1;1;1;-1;-1;1;-1;1;-1;1;-1;-1;-1;1;-1;1;-1;1;1;-1;-1;1;-1;1;-1;1;-1;-1;-1;1;-1;1;-1;1;1;-1;-1;1;-1;1;-1;1;-1;-1;-1;1;-1;1;-1;1;1;-1;-1;1;-1;1;-1;1;-1;-1;-1;1;-1;1;-1;1;1;-1;-1;1;-1;1;-1;1;-1;-1;-1;1;-1;1;-1;1;1;-1;-1;1;-1;1;-1;1
2,precision_2_timepoints_14_ising.coo,112,20,1024,600,0.638600492477417,0.0,-94.0,-94.0,0.85,1;-1;-1;1;-1;1;-1;1;-1;-1;-1;1;-1;1;-1;1;1;-1;-1;1;-1;1;-1;1;-1;-1;-1;1;-1;1;-1;1;1;-1;-1;1;-1;1;-1;1;-1;-1;-1;1;-1;1;-1;1;1;-1;-1;1;-1;1;-1;1;-1;-1;-1;1;-1;1;-1;1;1;-1;-1;1;-1;1;-1;1;-1;-1;-1;1;-1;1;-1;1;1;-1;-1;1;-1;1;-1;1;-1;-1;-1;1;-1;1;-1;1;1;-1;-1;1;-1;1;-1;1;-1;-1;-1;1;-1;1;-1;1
2,precision_2_timepoints_2_ising.coo,16,20,1024,700,0.10459885597229004,0.0,-10.0,-10.0,1.0,1;-1;-1;1;-1;1;-1;1;-1;-1;-1;1;-1;1;-1;1
2,precision_2_timepoints_3_ising.coo,24,20,1024,700,0.16092221736907958,0.0,-17.0,-17.0,1.0,1;-1;-1;1;-1;1;-1;1;-1;-1;-1;1;-1;1;-1;1;1;-1;-1;1;-1;1;-1;1
2,precision_2_timepoints_4_ising.coo,32,20,1024,700,0.21387859582901,0.0,-24.0,-24.0,1.0,1;-1;-1;1;-1;1;-1;1;-1;-1;-1;1;-1;1;-1;1;1;-1;-1;1;-1;1;-1;1;-1;-1;-1;1;-1;1;-1;1
2,precision_2_timepoints_5_ising.coo,40,20,1024,700,0.2658108949661255,0.0,-31.0,-31.0,1.0,1;-1;-1;1;-1;1;-1;1;-1;-1;-1;1;-1;1;-1;1;1;-1;-1;1;-1;1;-1;1;-1;-1;-1;1;-1;1;-1;1;1;-1;-1;1;-1;1;-1;1
2,precision_2_timepoints_6_ising.coo,48,20,1024,700,0.31874645948410035,0.0,-38.0,-38.0,1.0,1;-1;-1;1;-1;1;-1;1;-1;-1;-1;1;-1;1;-1;1;1;-1;-1;1;-1;1;-1;1;-1;-1;-1;1;-1;1;-1;1;1;-1;-1;1;-1;1;-1;1;-1;-1;-1;1;-1;1;-1;1
2,precision_2_timepoints_7_ising.coo,56,20,1024,700,0.37071952819824217,0.0,-45.0,-45.0,1.0,1;-1;-1;1;-1;1;-1;1;-1;-1;-1;1;-1;1;-1;1;1;-1;-1;1;-1;1;-1;1;-1;-1;-1;1;-1;1;-1;1;1;-1;-1;1;-1;1;-1;1;-1;-1;-1;1;-1;1;-1;1;1;-1;-1;1;-1;1;-1;1
2,precision_2_timepoints_8_ising.coo,64,20,1024,700,0.42296992540359496,0.0,-52.0,-52.0,1.0,1;-1;-1;1;-1;1;-1;1;-1;-1;-1;1;-1;1;-1;1;1;-1;-1;1;-1;1;-1;1;-1;-1;-1;1;-1;1;-1;1;1;-1;-1;1;-1;1;-1;1;-1;-1;-1;1;-1;1;-1;1;1;-1;-1;1;-1;1;-1;1;-1;-1;-1;1;-1;1;-1;1
2,precision_2_timepoints_9_ising.coo,72,20,1024,700,0.4762826204299927,0.0,-59.0,-59.0,1.0,1;-1;-1;1;-1;1;-1;1;-1;-1;-1;1;-1;1;-1;1;1;-1;-1;1;-1;1;-1;1;-1;-1;-1;1;-1;1;-1;1;1;-1;-1;1;-1;1;-1;1;-1;-1;-1;1;-1;1;-1;1;1;-1;-1;1;-1;1;-1;1;-1;-1;-1;1;-1;1;-1;1;1;-1;-1;1;-1;1;-1;1
2,precision_2_timepoints_10_ising.coo,80,20,1024,700,0.5307568430900573,0.0,-66.0,-66.0,1.0,1;-1;-1;1;-1;1;-1;1;-1;-1;-1;1;-1;1;-1;1;1;-1;-1;1;-1;1;-1;1;-1;-1;-1;1;-1;1;-1;1;1;-1;-1;1;-1;1;-1;1;-1;-1;-1;1;-1;1;-1;1;1;-1;-1;1;-1;1;-1;1;-1;-1;-1;1;-1;1;-1;1;1;-1;-1;1;-1;1;-1;1;-1;-1;-1;1;-1;1;-1;1
2,precision_2_timepoints_11_ising.coo,88,20,1024,700,0.5808890104293823,0.0,-73.0,-73.0,1.0,1;-1;-1;1;-1;1;-1;1;-1;-1;-1;1;-1;1;-1;1;1;-1;-1;1;-1;1;-1;1;-1;-1;-1;1;-1;1;-1;1;1;-1;-1;1;-1;1;-1;1;-1;-1;-1;1;-1;1;-1;1;1;-1;-1;1;-1;1;-1;1;-1;-1;-1;1;-1;1;-1;1;1;-1;-1;1;-1;1;-1;1;-1;-1;-1;1;-1;1;-1;1;1;-1;-1;1;-1;1;-1;1
2,precision_2_timepoints_12_ising.coo,96,20,1024,700,0.6350886940956115,0.0,-80.0,-80.0,1.0,1;-1;-1;1;-1;1;-1;1;-1;-1;-1;1;-1;1;-1;1;1;-1;-1;1;-1;1;-1;1;-1;-1;-1;1;-1;1;-1;1;1;-1;-1;1;-1;1;-1;1;-1;-1;-1;1;-1;1;-1;1;1;-1;-1;1;-1;1;-1;1;-1;-1;-1;1;-1;1;-1;1;1;-1;-1;1;-1;1;-1;1;-1;-1;-1;1;-1;1;-1;1;1;-1;-1;1;-1;1;-1;1;-1;-1;-1;1;-1;1;-1;1
2,precision_2_timepoints_13_ising.coo,104,20,1024,700,0.6872745156288147,0.0,-87.0,-87.0,0.95,1;-1;-1;1;-1;1;-1;1;-1;-1;-1;1;-1;1;-1;1;1;-1;-1;1;-1;1;-1;1;-1;-1;-1;1;-1;1;-1;1;1;-1;-1;1;-1;1;-1;1;-1;-1;-1;1;-1;1;-1;1;1;-1;-1;1;-1;1;-1;1;-1;-1;-1;1;-1;1;-1;1;1;-1;-1;1;-1;1;-1;1;-1;-1;-1;1;-1;1;-1;1;1;-1;-1;1;-1;1;-1;1;-1;-1;-1;1;-1;1;-1;1;1;-1;-1;1;-1;1;-1;1
2,precision_2_timepoints_14_ising.coo,112,20,1024,700,0.7427379488945007,0.0,-94.0,-94.0,0.75,1;-1;-1;1;-1;1;-1;1;-1;-1;-1;1;-1;1;-1;1;1;-1;-1;1;-1;1;-1;1;-1;-1;-1;1;-1;1;-1;1;1;-1;-1;1;-1;1;-1;1;-1;-1;-1;1;-1;1;-1;1;1;-1;-1;1;-1;1;-1;1;-1;-1;-1;1;-1;1;-1;1;1;-1;-1;1;-1;1;-1;1;-1;-1;-1;1;-1;1;-1;1;1;-1;-1;1;-1;1;-1;1;-1;-1;-1;1;-1;1;-1;1;1;-1;-1;1;-1;1;-1;1;-1;-1;-1;1;-1;1;-1;1
2,precision_2_timepoints_2_ising.coo,16,20,1024,800,0.1201299786567688,0.0,-10.0,-10.0,1.0,1;-1;-1;1;-1;1;-1;1;-1;-1;-1;1;-1;1;-1;1
2,precision_2_timepoints_3_ising.coo,24,20,1024,800,0.1834894299507141,0.0,-17.0,-17.0,1.0,1;-1;-1;1;-1;1;-1;1;-1;-1;-1;1;-1;1;-1;1;1;-1;-1;1;-1;1;-1;1
2,precision_2_timepoints_4_ising.coo,32,20,1024,800,0.24456957578659058,0.0,-24.0,-24.0,1.0,1;-1;-1;1;-1;1;-1;1;-1;-1;-1;1;-1;1;-1;1;1;-1;-1;1;-1;1;-1;1;-1;-1;-1;1;-1;1;-1;1
2,precision_2_timepoints_5_ising.coo,40,20,1024,800,0.30330621004104613,0.0,-31.0,-31.0,1.0,1;-1;-1;1;-1;1;-1;1;-1;-1;-1;1;-1;1;-1;1;1;-1;-1;1;-1;1;-1;1;-1;-1;-1;1;-1;1;-1;1;1;-1;-1;1;-1;1;-1;1
2,precision_2_timepoints_6_ising.coo,48,20,1024,800,0.3646988391876221,0.0,-38.0,-38.0,1.0,1;-1;-1;1;-1;1;-1;1;-1;-1;-1;1;-1;1;-1;1;1;-1;-1;1;-1;1;-1;1;-1;-1;-1;1;-1;1;-1;1;1;-1;-1;1;-1;1;-1;1;-1;-1;-1;1;-1;1;-1;1
2,precision_2_timepoints_7_ising.coo,56,20,1024,800,0.4213929891586304,0.0,-45.0,-45.0,1.0,1;-1;-1;1;-1;1;-1;1;-1;-1;-1;1;-1;1;-1;1;1;-1;-1;1;-1;1;-1;1;-1;-1;-1;1;-1;1;-1;1;1;-1;-1;1;-1;1;-1;1;-1;-1;-1;1;-1;1;-1;1;1;-1;-1;1;-1;1;-1;1
2,precision_2_timepoints_8_ising.coo,64,20,1024,800,0.4827893853187561,0.0,-52.0,-52.0,1.0,1;-1;-1;1;-1;1;-1;1;-1;-1;-1;1;-1;1;-1;1;1;-1;-1;1;-1;1;-1;1;-1;-1;-1;1;-1;1;-1;1;1;-1;-1;1;-1;1;-1;1;-1;-1;-1;1;-1;1;-1;1;1;-1;-1;1;-1;1;-1;1;-1;-1;-1;1;-1;1;-1;1
2,precision_2_timepoints_9_ising.coo,72,20,1024,800,0.5455082178115844,0.0,-59.0,-59.0,1.0,1;-1;-1;1;-1;1;-1;1;-1;-1;-1;1;-1;1;-1;1;1;-1;-1;1;-1;1;-1;1;-1;-1;-1;1;-1;1;-1;1;1;-1;-1;1;-1;1;-1;1;-1;-1;-1;1;-1;1;-1;1;1;-1;-1;1;-1;1;-1;1;-1;-1;-1;1;-1;1;-1;1;1;-1;-1;1;-1;1;-1;1
2,precision_2_timepoints_10_ising.coo,80,20,1024,800,0.6047919034957886,0.0,-66.0,-66.0,1.0,1;-1;-1;1;-1;1;-1;1;-1;-1;-1;1;-1;1;-1;1;1;-1;-1;1;-1;1;-1;1;-1;-1;-1;1;-1;1;-1;1;1;-1;-1;1;-1;1;-1;1;-1;-1;-1;1;-1;1;-1;1;1;-1;-1;1;-1;1;-1;1;-1;-1;-1;1;-1;1;-1;1;1;-1;-1;1;-1;1;-1;1;-1;-1;-1;1;-1;1;-1;1
2,precision_2_timepoints_11_ising.coo,88,20,1024,800,0.6644706130027771,0.0,-73.0,-73.0,1.0,1;-1;-1;1;-1;1;-1;1;-1;-1;-1;1;-1;1;-1;1;1;-1;-1;1;-1;1;-1;1;-1;-1;-1;1;-1;1;-1;1;1;-1;-1;1;-1;1;-1;1;-1;-1;-1;1;-1;1;-1;1;1;-1;-1;1;-1;1;-1;1;-1;-1;-1;1;-1;1;-1;1;1;-1;-1;1;-1;1;-1;1;-1;-1;-1;1;-1;1;-1;1;1;-1;-1;1;-1;1;-1;1
2,precision_2_timepoints_12_ising.coo,96,20,1024,800,0.7258337616920472,0.0,-80.0,-80.0,1.0,1;-1;-1;1;-1;1;-1;1;-1;-1;-1;1;-1;1;-1;1;1;-1;-1;1;-1;1;-1;1;-1;-1;-1;1;-1;1;-1;1;1;-1;-1;1;-1;1;-1;1;-1;-1;-1;1;-1;1;-1;1;1;-1;-1;1;-1;1;-1;1;-1;-1;-1;1;-1;1;-1;1;1;-1;-1;1;-1;1;-1;1;-1;-1;-1;1;-1;1;-1;1;1;-1;-1;1;-1;1;-1;1;-1;-1;-1;1;-1;1;-1;1
2,precision_2_timepoints_13_ising.coo,104,20,1024,800,0.7861415266990661,0.0,-87.0,-87.0,1.0,1;-1;-1;1;-1;1;-1;1;-1;-1;-1;1;-1;1;-1;1;1;-1;-1;1;-1;1;-1;1;-1;-1;-1;1;-1;1;-1;1;1;-1;-1;1;-1;1;-1;1;-1;-1;-1;1;-1;1;-1;1;1;-1;-1;1;-1;1;-1;1;-1;-1;-1;1;-1;1;-1;1;1;-1;-1;1;-1;1;-1;1;-1;-1;-1;1;-1;1;-1;1;1;-1;-1;1;-1;1;-1;1;-1;-1;-1;1;-1;1;-1;1;1;-1;-1;1;-1;1;-1;1
2,precision_2_timepoints_14_ising.coo,112,20,1024,800,0.8450907111167908,0.0,-94.0,-94.0,0.95,1;-1;-1;1;-1;1;-1;1;-1;-1;-1;1;-1;1;-1;1;1;-1;-1;1;-1;1;-1;1;-1;-1;-1;1;-1;1;-1;1;1;-1;-1;1;-1;1;-1;1;-1;-1;-1;1;-1;1;-1;1;1;-1;-1;1;-1;1;-1;1;-1;-1;-1;1;-1;1;-1;1;1;-1;-1;1;-1;1;-1;1;-1;-1;-1;1;-1;1;-1;1;1;-1;-1;1;-1;1;-1;1;-1;-1;-1;1;-1;1;-1;1;1;-1;-1;1;-1;1;-1;1;-1;-1;-1;1;-1;1;-1;1
2,precision_2_timepoints_2_ising.coo,16,20,1024,900,0.13472284078598024,0.0,-10.0,-10.0,1.0,1;-1;-1;1;-1;1;-1;1;-1;-1;-1;1;-1;1;-1;1
2,precision_2_timepoints_3_ising.coo,24,20,1024,900,0.2061617374420166,0.0,-17.0,-17.0,1.0,1;-1;-1;1;-1;1;-1;1;-1;-1;-1;1;-1;1;-1;1;1;-1;-1;1;-1;1;-1;1
2,precision_2_timepoints_4_ising.coo,32,20,1024,900,0.2745445966720581,0.0,-24.0,-24.0,1.0,1;-1;-1;1;-1;1;-1;1;-1;-1;-1;1;-1;1;-1;1;1;-1;-1;1;-1;1;-1;1;-1;-1;-1;1;-1;1;-1;1
2,precision_2_timepoints_5_ising.coo,40,20,1024,900,0.34175405502319334,0.0,-31.0,-31.0,1.0,1;-1;-1;1;-1;1;-1;1;-1;-1;-1;1;-1;1;-1;1;1;-1;-1;1;-1;1;-1;1;-1;-1;-1;1;-1;1;-1;1;1;-1;-1;1;-1;1;-1;1
2,precision_2_timepoints_6_ising.coo,48,20,1024,900,0.40776447057723997,0.0,-38.0,-38.0,1.0,1;-1;-1;1;-1;1;-1;1;-1;-1;-1;1;-1;1;-1;1;1;-1;-1;1;-1;1;-1;1;-1;-1;-1;1;-1;1;-1;1;1;-1;-1;1;-1;1;-1;1;-1;-1;-1;1;-1;1;-1;1
2,precision_2_timepoints_7_ising.coo,56,20,1024,900,0.47440357208251954,0.0,-45.0,-45.0,1.0,1;-1;-1;1;-1;1;-1;1;-1;-1;-1;1;-1;1;-1;1;1;-1;-1;1;-1;1;-1;1;-1;-1;-1;1;-1;1;-1;1;1;-1;-1;1;-1;1;-1;1;-1;-1;-1;1;-1;1;-1;1;1;-1;-1;1;-1;1;-1;1
2,precision_2_timepoints_8_ising.coo,64,20,1024,900,0.5418312788009644,0.0,-52.0,-52.0,1.0,1;-1;-1;1;-1;1;-1;1;-1;-1;-1;1;-1;1;-1;1;1;-1;-1;1;-1;1;-1;1;-1;-1;-1;1;-1;1;-1;1;1;-1;-1;1;-1;1;-1;1;-1;-1;-1;1;-1;1;-1;1;1;-1;-1;1;-1;1;-1;1;-1;-1;-1;1;-1;1;-1;1
2,precision_2_timepoints_9_ising.coo,72,20,1024,900,0.605588698387146,0.0,-59.0,-59.0,1.0,1;-1;-1;1;-1;1;-1;1;-1;-1;-1;1;-1;1;-1;1;1;-1;-1;1;-1;1;-1;1;-1;-1;-1;1;-1;1;-1;1;1;-1;-1;1;-1;1;-1;1;-1;-1;-1;1;-1;1;-1;1;1;-1;-1;1;-1;1;-1;1;-1;-1;-1;1;-1;1;-1;1;1;-1;-1;1;-1;1;-1;1
2,precision_2_timepoints_10_ising.coo,80,20,1024,900,0.6773171782493591,0.0,-66.0,-66.0,1.0,1;-1;-1;1;-1;1;-1;1;-1;-1;-1;1;-1;1;-1;1;1;-1;-1;1;-1;1;-1;1;-1;-1;-1;1;-1;1;-1;1;1;-1;-1;1;-1;1;-1;1;-1;-1;-1;1;-1;1;-1;1;1;-1;-1;1;-1;1;-1;1;-1;-1;-1;1;-1;1;-1;1;1;-1;-1;1;-1;1;-1;1;-1;-1;-1;1;-1;1;-1;1
2,precision_2_timepoints_11_ising.coo,88,20,1024,900,0.7464168429374695,0.0,-73.0,-73.0,1.0,1;-1;-1;1;-1;1;-1;1;-1;-1;-1;1;-1;1;-1;1;1;-1;-1;1;-1;1;-1;1;-1;-1;-1;1;-1;1;-1;1;1;-1;-1;1;-1;1;-1;1;-1;-1;-1;1;-1;1;-1;1;1;-1;-1;1;-1;1;-1;1;-1;-1;-1;1;-1;1;-1;1;1;-1;-1;1;-1;1;-1;1;-1;-1;-1;1;-1;1;-1;1;1;-1;-1;1;-1;1;-1;1
2,precision_2_timepoints_12_ising.coo,96,20,1024,900,0.8179462194442749,0.0,-80.0,-80.0,1.0,1;-1;-1;1;-1;1;-1;1;-1;-1;-1;1;-1;1;-1;1;1;-1;-1;1;-1;1;-1;1;-1;-1;-1;1;-1;1;-1;1;1;-1;-1;1;-1;1;-1;1;-1;-1;-1;1;-1;1;-1;1;1;-1;-1;1;-1;1;-1;1;-1;-1;-1;1;-1;1;-1;1;1;-1;-1;1;-1;1;-1;1;-1;-1;-1;1;-1;1;-1;1;1;-1;-1;1;-1;1;-1;1;-1;-1;-1;1;-1;1;-1;1
2,precision_2_timepoints_13_ising.coo,104,20,1024,900,0.8811285614967346,0.0,-87.0,-87.0,1.0,1;-1;-1;1;-1;1;-1;1;-1;-1;-1;1;-1;1;-1;1;1;-1;-1;1;-1;1;-1;1;-1;-1;-1;1;-1;1;-1;1;1;-1;-1;1;-1;1;-1;1;-1;-1;-1;1;-1;1;-1;1;1;-1;-1;1;-1;1;-1;1;-1;-1;-1;1;-1;1;-1;1;1;-1;-1;1;-1;1;-1;1;-1;-1;-1;1;-1;1;-1;1;1;-1;-1;1;-1;1;-1;1;-1;-1;-1;1;-1;1;-1;1;1;-1;-1;1;-1;1;-1;1
2,precision_2_timepoints_14_ising.coo,112,20,1024,900,0.9472986459732056,0.0,-94.0,-94.0,0.9,1;-1;-1;1;-1;1;-1;1;-1;-1;-1;1;-1;1;-1;1;1;-1;-1;1;-1;1;-1;1;-1;-1;-1;1;-1;1;-1;1;1;-1;-1;1;-1;1;-1;1;-1;-1;-1;1;-1;1;-1;1;1;-1;-1;1;-1;1;-1;1;-1;-1;-1;1;-1;1;-1;1;1;-1;-1;1;-1;1;-1;1;-1;-1;-1;1;-1;1;-1;1;1;-1;-1;1;-1;1;-1;1;-1;-1;-1;1;-1;1;-1;1;1;-1;-1;1;-1;1;-1;1;-1;-1;-1;1;-1;1;-1;1
2,precision_2_timepoints_2_ising.coo,16,20,1024,1000,0.14875938892364501,0.0,-10.0,-10.0,1.0,1;-1;-1;1;-1;1;-1;1;-1;-1;-1;1;-1;1;-1;1
2,precision_2_timepoints_3_ising.coo,24,20,1024,1000,0.2287553071975708,0.0,-17.0,-17.0,1.0,1;-1;-1;1;-1;1;-1;1;-1;-1;-1;1;-1;1;-1;1;1;-1;-1;1;-1;1;-1;1
2,precision_2_timepoints_4_ising.coo,32,20,1024,1000,0.30416356325149535,0.0,-24.0,-24.0,1.0,1;-1;-1;1;-1;1;-1;1;-1;-1;-1;1;-1;1;-1;1;1;-1;-1;1;-1;1;-1;1;-1;-1;-1;1;-1;1;-1;1
2,precision_2_timepoints_5_ising.coo,40,20,1024,1000,0.3781107425689697,0.0,-31.0,-31.0,1.0,1;-1;-1;1;-1;1;-1;1;-1;-1;-1;1;-1;1;-1;1;1;-1;-1;1;-1;1;-1;1;-1;-1;-1;1;-1;1;-1;1;1;-1;-1;1;-1;1;-1;1
2,precision_2_timepoints_6_ising.coo,48,20,1024,1000,0.45189063549041747,0.0,-38.0,-38.0,1.0,1;-1;-1;1;-1;1;-1;1;-1;-1;-1;1;-1;1;-1;1;1;-1;-1;1;-1;1;-1;1;-1;-1;-1;1;-1;1;-1;1;1;-1;-1;1;-1;1;-1;1;-1;-1;-1;1;-1;1;-1;1
2,precision_2_timepoints_7_ising.coo,56,20,1024,1000,0.5263901233673096,0.0,-45.0,-45.0,1.0,1;-1;-1;1;-1;1;-1;1;-1;-1;-1;1;-1;1;-1;1;1;-1;-1;1;-1;1;-1;1;-1;-1;-1;1;-1;1;-1;1;1;-1;-1;1;-1;1;-1;1;-1;-1;-1;1;-1;1;-1;1;1;-1;-1;1;-1;1;-1;1
2,precision_2_timepoints_8_ising.coo,64,20,1024,1000,0.6014372944831848,0.0,-52.0,-52.0,1.0,1;-1;-1;1;-1;1;-1;1;-1;-1;-1;1;-1;1;-1;1;1;-1;-1;1;-1;1;-1;1;-1;-1;-1;1;-1;1;-1;1;1;-1;-1;1;-1;1;-1;1;-1;-1;-1;1;-1;1;-1;1;1;-1;-1;1;-1;1;-1;1;-1;-1;-1;1;-1;1;-1;1
2,precision_2_timepoints_9_ising.coo,72,20,1024,1000,0.674536657333374,0.0,-59.0,-59.0,1.0,1;-1;-1;1;-1;1;-1;1;-1;-1;-1;1;-1;1;-1;1;1;-1;-1;1;-1;1;-1;1;-1;-1;-1;1;-1;1;-1;1;1;-1;-1;1;-1;1;-1;1;-1;-1;-1;1;-1;1;-1;1;1;-1;-1;1;-1;1;-1;1;-1;-1;-1;1;-1;1;-1;1;1;-1;-1;1;-1;1;-1;1
2,precision_2_timepoints_10_ising.coo,80,20,1024,1000,0.7460190296173096,0.0,-66.0,-66.0,1.0,1;-1;-1;1;-1;1;-1;1;-1;-1;-1;1;-1;1;-1;1;1;-1;-1;1;-1;1;-1;1;-1;-1;-1;1;-1;1;-1;1;1;-1;-1;1;-1;1;-1;1;-1;-1;-1;1;-1;1;-1;1;1;-1;-1;1;-1;1;-1;1;-1;-1;-1;1;-1;1;-1;1;1;-1;-1;1;-1;1;-1;1;-1;-1;-1;1;-1;1;-1;1
2,precision_2_timepoints_11_ising.coo,88,20,1024,1000,0.8296547293663025,0.0,-73.0,-73.0,1.0,1;-1;-1;1;-1;1;-1;1;-1;-1;-1;1;-1;1;-1;1;1;-1;-1;1;-1;1;-1;1;-1;-1;-1;1;-1;1;-1;1;1;-1;-1;1;-1;1;-1;1;-1;-1;-1;1;-1;1;-1;1;1;-1;-1;1;-1;1;-1;1;-1;-1;-1;1;-1;1;-1;1;1;-1;-1;1;-1;1;-1;1;-1;-1;-1;1;-1;1;-1;1;1;-1;-1;1;-1;1;-1;1
2,precision_2_timepoints_12_ising.coo,96,20,1024,1000,0.9043326497077941,0.0,-80.0,-80.0,1.0,1;-1;-1;1;-1;1;-1;1;-1;-1;-1;1;-1;1;-1;1;1;-1;-1;1;-1;1;-1;1;-1;-1;-1;1;-1;1;-1;1;1;-1;-1;1;-1;1;-1;1;-1;-1;-1;1;-1;1;-1;1;1;-1;-1;1;-1;1;-1;1;-1;-1;-1;1;-1;1;-1;1;1;-1;-1;1;-1;1;-1;1;-1;-1;-1;1;-1;1;-1;1;1;-1;-1;1;-1;1;-1;1;-1;-1;-1;1;-1;1;-1;1
2,precision_2_timepoints_13_ising.coo,104,20,1024,1000,0.9830768823623657,0.0,-87.0,-87.0,1.0,1;-1;-1;1;-1;1;-1;1;-1;-1;-1;1;-1;1;-1;1;1;-1;-1;1;-1;1;-1;1;-1;-1;-1;1;-1;1;-1;1;1;-1;-1;1;-1;1;-1;1;-1;-1;-1;1;-1;1;-1;1;1;-1;-1;1;-1;1;-1;1;-1;-1;-1;1;-1;1;-1;1;1;-1;-1;1;-1;1;-1;1;-1;-1;-1;1;-1;1;-1;1;1;-1;-1;1;-1;1;-1;1;-1;-1;-1;1;-1;1;-1;1;1;-1;-1;1;-1;1;-1;1
2,precision_2_timepoints_14_ising.coo,112,20,1024,1000,1.056425142288208,0.0,-94.0,-94.0,0.9,1;-1;-1;1;-1;1;-1;1;-1;-1;-1;1;-1;1;-1;1;1;-1;-1;1;-1;1;-1;1;-1;-1;-1;1;-1;1;-1;1;1;-1;-1;1;-1;1;-1;1;-1;-1;-1;1;-1;1;-1;1;1;-1;-1;1;-1;1;-1;1;-1;-1;-1;1;-1;1;-1;1;1;-1;-1;1;-1;1;-1;1;-1;-1;-1;1;-1;1;-1;1;1;-1;-1;1;-1;1;-1;1;-1;-1;-1;1;-1;1;-1;1;1;-1;-1;1;-1;1;-1;1;-1;-1;-1;1;-1;1;-1;1
2,precision_2_timepoints_2_ising.coo,16,20,1024,2000,0.3132448434829712,0.0,-10.0,-10.0,1.0,1;-1;-1;1;-1;1;-1;1;-1;-1;-1;1;-1;1;-1;1
2,precision_2_timepoints_3_ising.coo,24,20,1024,2000,0.4785234808921814,0.0,-17.0,-17.0,1.0,1;-1;-1;1;-1;1;-1;1;-1;-1;-1;1;-1;1;-1;1;1;-1;-1;1;-1;1;-1;1
2,precision_2_timepoints_4_ising.coo,32,20,1024,2000,0.6335622429847717,0.0,-24.0,-24.0,1.0,1;-1;-1;1;-1;1;-1;1;-1;-1;-1;1;-1;1;-1;1;1;-1;-1;1;-1;1;-1;1;-1;-1;-1;1;-1;1;-1;1
2,precision_2_timepoints_5_ising.coo,40,20,1024,2000,0.7857311844825745,0.0,-31.0,-31.0,1.0,1;-1;-1;1;-1;1;-1;1;-1;-1;-1;1;-1;1;-1;1;1;-1;-1;1;-1;1;-1;1;-1;-1;-1;1;-1;1;-1;1;1;-1;-1;1;-1;1;-1;1
2,precision_2_timepoints_6_ising.coo,48,20,1024,2000,0.9389178633689881,0.0,-38.0,-38.0,1.0,1;-1;-1;1;-1;1;-1;1;-1;-1;-1;1;-1;1;-1;1;1;-1;-1;1;-1;1;-1;1;-1;-1;-1;1;-1;1;-1;1;1;-1;-1;1;-1;1;-1;1;-1;-1;-1;1;-1;1;-1;1
2,precision_2_timepoints_7_ising.coo,56,20,1024,2000,1.0954140782356263,0.0,-45.0,-45.0,1.0,1;-1;-1;1;-1;1;-1;1;-1;-1;-1;1;-1;1;-1;1;1;-1;-1;1;-1;1;-1;1;-1;-1;-1;1;-1;1;-1;1;1;-1;-1;1;-1;1;-1;1;-1;-1;-1;1;-1;1;-1;1;1;-1;-1;1;-1;1;-1;1
2,precision_2_timepoints_8_ising.coo,64,20,1024,2000,1.264928901195526,0.0,-52.0,-52.0,1.0,1;-1;-1;1;-1;1;-1;1;-1;-1;-1;1;-1;1;-1;1;1;-1;-1;1;-1;1;-1;1;-1;-1;-1;1;-1;1;-1;1;1;-1;-1;1;-1;1;-1;1;-1;-1;-1;1;-1;1;-1;1;1;-1;-1;1;-1;1;-1;1;-1;-1;-1;1;-1;1;-1;1
2,precision_2_timepoints_9_ising.coo,72,20,1024,2000,1.4152808666229248,0.0,-59.0,-59.0,1.0,1;-1;-1;1;-1;1;-1;1;-1;-1;-1;1;-1;1;-1;1;1;-1;-1;1;-1;1;-1;1;-1;-1;-1;1;-1;1;-1;1;1;-1;-1;1;-1;1;-1;1;-1;-1;-1;1;-1;1;-1;1;1;-1;-1;1;-1;1;-1;1;-1;-1;-1;1;-1;1;-1;1;1;-1;-1;1;-1;1;-1;1
2,precision_2_timepoints_10_ising.coo,80,20,1024,2000,1.5676329374313354,0.0,-66.0,-66.0,1.0,1;-1;-1;1;-1;1;-1;1;-1;-1;-1;1;-1;1;-1;1;1;-1;-1;1;-1;1;-1;1;-1;-1;-1;1;-1;1;-1;1;1;-1;-1;1;-1;1;-1;1;-1;-1;-1;1;-1;1;-1;1;1;-1;-1;1;-1;1;-1;1;-1;-1;-1;1;-1;1;-1;1;1;-1;-1;1;-1;1;-1;1;-1;-1;-1;1;-1;1;-1;1
2,precision_2_timepoints_11_ising.coo,88,20,1024,2000,1.716916847229004,0.0,-73.0,-73.0,1.0,1;-1;-1;1;-1;1;-1;1;-1;-1;-1;1;-1;1;-1;1;1;-1;-1;1;-1;1;-1;1;-1;-1;-1;1;-1;1;-1;1;1;-1;-1;1;-1;1;-1;1;-1;-1;-1;1;-1;1;-1;1;1;-1;-1;1;-1;1;-1;1;-1;-1;-1;1;-1;1;-1;1;1;-1;-1;1;-1;1;-1;1;-1;-1;-1;1;-1;1;-1;1;1;-1;-1;1;-1;1;-1;1
2,precision_2_timepoints_12_ising.coo,96,20,1024,2000,1.8917422533035277,0.0,-80.0,-80.0,1.0,1;-1;-1;1;-1;1;-1;1;-1;-1;-1;1;-1;1;-1;1;1;-1;-1;1;-1;1;-1;1;-1;-1;-1;1;-1;1;-1;1;1;-1;-1;1;-1;1;-1;1;-1;-1;-1;1;-1;1;-1;1;1;-1;-1;1;-1;1;-1;1;-1;-1;-1;1;-1;1;-1;1;1;-1;-1;1;-1;1;-1;1;-1;-1;-1;1;-1;1;-1;1;1;-1;-1;1;-1;1;-1;1;-1;-1;-1;1;-1;1;-1;1
2,precision_2_timepoints_13_ising.coo,104,20,1024,2000,2.0628026008605955,0.0,-87.0,-87.0,1.0,1;-1;-1;1;-1;1;-1;1;-1;-1;-1;1;-1;1;-1;1;1;-1;-1;1;-1;1;-1;1;-1;-1;-1;1;-1;1;-1;1;1;-1;-1;1;-1;1;-1;1;-1;-1;-1;1;-1;1;-1;1;1;-1;-1;1;-1;1;-1;1;-1;-1;-1;1;-1;1;-1;1;1;-1;-1;1;-1;1;-1;1;-1;-1;-1;1;-1;1;-1;1;1;-1;-1;1;-1;1;-1;1;-1;-1;-1;1;-1;1;-1;1;1;-1;-1;1;-1;1;-1;1
2,precision_2_timepoints_14_ising.coo,112,20,1024,2000,2.207315278053284,0.0,-94.0,-94.0,1.0,1;-1;-1;1;-1;1;-1;1;-1;-1;-1;1;-1;1;-1;1;1;-1;-1;1;-1;1;-1;1;-1;-1;-1;1;-1;1;-1;1;1;-1;-1;1;-1;1;-1;1;-1;-1;-1;1;-1;1;-1;1;1;-1;-1;1;-1;1;-1;1;-1;-1;-1;1;-1;1;-1;1;1;-1;-1;1;-1;1;-1;1;-1;-1;-1;1;-1;1;-1;1;1;-1;-1;1;-1;1;-1;1;-1;-1;-1;1;-1;1;-1;1;1;-1;-1;1;-1;1;-1;1;-1;-1;-1;1;-1;1;-1;1
