type,instance,num_var,NUM_SHOTS,num_rep,num_steps,compress,runtime,gap,best_energy,gnd_energy,success_prob,best_solution
7,precision_2_timepoints_2_ising.coo,16,25,1024,10,false,0.0028625246000000006,0.0,-10.0,-10.0,1.0,1;-1;-1;1;-1;1;-1;1;-1;-1;-1;1;-1;1;-1;1
7,precision_2_timepoints_3_ising.coo,24,25,1024,10,false,0.004632373600000001,-2.089831575765001e-14,-17.0,-16.999999999999996,1.0,1;-1;-1;1;-1;1;-1;1;-1;-1;-1;1;-1;1;-1;1;1;-1;-1;1;-1;1;-1;1
7,precision_2_timepoints_4_ising.coo,32,25,1024,10,false,0.010355112999999997,0.0,-24.0,-24.0,1.0,1;-1;-1;1;-1;1;-1;1;-1;-1;-1;1;-1;1;-1;1;1;-1;-1;1;-1;1;-1;1;-1;-1;-1;1;-1;1;-1;1
7,precision_2_timepoints_5_ising.coo,40,25,1024,10,false,0.010969869879999998,-1.146036670580807e-14,-31.0,-30.999999999999996,1.0,1;-1;-1;1;-1;1;-1;1;-1;-1;-1;1;-1;1;-1;1;1;-1;-1;1;-1;1;-1;1;-1;-1;-1;1;-1;1;-1;1;1;-1;-1;1;-1;1;-1;1
7,precision_2_timepoints_6_ising.coo,48,25,1024,10,false,0.01416249344,0.0,-38.0,-38.0,1.0,1;-1;-1;1;-1;1;-1;1;-1;-1;-1;1;-1;1;-1;1;1;-1;-1;1;-1;1;-1;1;-1;-1;-1;1;-1;1;-1;1;1;-1;-1;1;-1;1;-1;1;-1;-1;-1;1;-1;1;-1;1
7,precision_2_timepoints_7_ising.coo,56,25,1024,10,false,0.01563384392,0.0,-45.0,-45.0,1.0,1;-1;-1;1;-1;1;-1;1;-1;-1;-1;1;-1;1;-1;1;1;-1;-1;1;-1;1;-1;1;-1;-1;-1;1;-1;1;-1;1;1;-1;-1;1;-1;1;-1;1;-1;-1;-1;1;-1;1;-1;1;1;-1;-1;1;-1;1;-1;1
7,precision_2_timepoints_8_ising.coo,64,25,1024,10,false,0.02196052844,0.0,-52.0,-52.0,1.0,1;-1;-1;1;-1;1;-1;1;-1;-1;-1;1;-1;1;-1;1;1;-1;-1;1;-1;1;-1;1;-1;-1;-1;1;-1;1;-1;1;1;-1;-1;1;-1;1;-1;1;-1;-1;-1;1;-1;1;-1;1;1;-1;-1;1;-1;1;-1;1;-1;-1;-1;1;-1;1;-1;1
7,precision_2_timepoints_9_ising.coo,72,25,1024,10,false,0.020315141959999998,-1.2043097216272887e-14,-59.0,-58.99999999999999,1.0,1;-1;-1;1;-1;1;-1;1;-1;-1;-1;1;-1;1;-1;1;1;-1;-1;1;-1;1;-1;1;-1;-1;-1;1;-1;1;-1;1;1;-1;-1;1;-1;1;-1;1;-1;-1;-1;1;-1;1;-1;1;1;-1;-1;1;-1;1;-1;1;-1;-1;-1;1;-1;1;-1;1;1;-1;-1;1;-1;1;-1;1
7,precision_2_timepoints_10_ising.coo,80,25,1024,10,false,0.0261953974,0.0,-66.0,-66.0,0.72,1;-1;-1;1;-1;1;-1;1;-1;-1;-1;1;-1;1;-1;1;1;-1;-1;1;-1;1;-1;1;-1;-1;-1;1;-1;1;-1;1;1;-1;-1;1;-1;1;-1;1;-1;-1;-1;1;-1;1;-1;1;1;-1;-1;1;-1;1;-1;1;-1;-1;-1;1;-1;1;-1;1;1;-1;-1;1;-1;1;-1;1;-1;-1;-1;1;-1;1;-1;1
7,precision_2_timepoints_11_ising.coo,88,25,1024,10,false,0.02506279256,0.0,-73.0,-73.0,0.72,1;-1;-1;1;-1;1;-1;1;-1;-1;-1;1;-1;1;-1;1;1;-1;-1;1;-1;1;-1;1;-1;-1;-1;1;-1;1;-1;1;1;-1;-1;1;-1;1;-1;1;-1;-1;-1;1;-1;1;-1;1;1;-1;-1;1;-1;1;-1;1;-1;-1;-1;1;-1;1;-1;1;1;-1;-1;1;-1;1;-1;1;-1;-1;-1;1;-1;1;-1;1;1;-1;-1;1;-1;1;-1;1
7,precision_2_timepoints_12_ising.coo,96,25,1024,10,false,0.036537882120000004,0.0,-80.0,-80.0,0.44,1;-1;-1;1;-1;1;-1;1;-1;-1;-1;1;-1;1;-1;1;1;-1;-1;1;-1;1;-1;1;-1;-1;-1;1;-1;1;-1;1;1;-1;-1;1;-1;1;-1;1;-1;-1;-1;1;-1;1;-1;1;1;-1;-1;1;-1;1;-1;1;-1;-1;-1;1;-1;1;-1;1;1;-1;-1;1;-1;1;-1;1;-1;-1;-1;1;-1;1;-1;1;1;-1;-1;1;-1;1;-1;1;-1;-1;-1;1;-1;1;-1;1
7,precision_2_timepoints_13_ising.coo,104,25,1024,10,false,0.02992984539999999,0.0,-87.0,-87.0,0.28,1;-1;-1;1;-1;1;-1;1;-1;-1;-1;1;-1;1;-1;1;1;-1;-1;1;-1;1;-1;1;-1;-1;-1;1;-1;1;-1;1;1;-1;-1;1;-1;1;-1;1;-1;-1;-1;1;-1;1;-1;1;1;-1;-1;1;-1;1;-1;1;-1;-1;-1;1;-1;1;-1;1;1;-1;-1;1;-1;1;-1;1;-1;-1;-1;1;-1;1;-1;1;1;-1;-1;1;-1;1;-1;1;-1;-1;-1;1;-1;1;-1;1;1;-1;-1;1;-1;1;-1;1
7,precision_2_timepoints_14_ising.coo,112,25,1024,10,false,0.03363828972,0.0,-94.0,-94.0,0.08,1;-1;-1;1;-1;1;-1;1;-1;-1;-1;1;-1;1;-1;1;1;-1;-1;1;-1;1;-1;1;-1;-1;-1;1;-1;1;-1;1;1;-1;-1;1;-1;1;-1;1;-1;-1;-1;1;-1;1;-1;1;1;-1;-1;1;-1;1;-1;1;-1;-1;-1;1;-1;1;-1;1;1;-1;-1;1;-1;1;-1;1;-1;-1;-1;1;-1;1;-1;1;1;-1;-1;1;-1;1;-1;1;-1;-1;-1;1;-1;1;-1;1;1;-1;-1;1;-1;1;-1;1;-1;-1;-1;1;-1;1;-1;1
7,precision_2_timepoints_2_ising.coo,16,25,1024,20,false,0.00524759212,0.0,-10.0,-10.0,1.0,1;-1;-1;1;-1;1;-1;1;-1;-1;-1;1;-1;1;-1;1
7,precision_2_timepoints_3_ising.coo,24,25,1024,20,false,0.008809118999999999,-2.089831575765001e-14,-17.0,-16.999999999999996,1.0,1;-1;-1;1;-1;1;-1;1;-1;-1;-1;1;-1;1;-1;1;1;-1;-1;1;-1;1;-1;1
7,precision_2_timepoints_4_ising.coo,32,25,1024,20,false,0.0199476236,0.0,-24.0,-24.0,1.0,1;-1;-1;1;-1;1;-1;1;-1;-1;-1;1;-1;1;-1;1;1;-1;-1;1;-1;1;-1;1;-1;-1;-1;1;-1;1;-1;1
7,precision_2_timepoints_5_ising.coo,40,25,1024,20,false,0.02119554308,-1.146036670580807e-14,-31.0,-30.999999999999996,1.0,1;-1;-1;1;-1;1;-1;1;-1;-1;-1;1;-1;1;-1;1;1;-1;-1;1;-1;1;-1;1;-1;-1;-1;1;-1;1;-1;1;1;-1;-1;1;-1;1;-1;1
7,precision_2_timepoints_6_ising.coo,48,25,1024,20,false,0.027512466079999992,0.0,-38.0,-38.0,1.0,1;-1;-1;1;-1;1;-1;1;-1;-1;-1;1;-1;1;-1;1;1;-1;-1;1;-1;1;-1;1;-1;-1;-1;1;-1;1;-1;1;1;-1;-1;1;-1;1;-1;1;-1;-1;-1;1;-1;1;-1;1
7,precision_2_timepoints_7_ising.coo,56,25,1024,20,false,0.030331647600000004,0.0,-45.0,-45.0,1.0,1;-1;-1;1;-1;1;-1;1;-1;-1;-1;1;-1;1;-1;1;1;-1;-1;1;-1;1;-1;1;-1;-1;-1;1;-1;1;-1;1;1;-1;-1;1;-1;1;-1;1;-1;-1;-1;1;-1;1;-1;1;1;-1;-1;1;-1;1;-1;1
7,precision_2_timepoints_8_ising.coo,64,25,1024,20,false,0.04252857928,0.0,-52.0,-52.0,1.0,1;-1;-1;1;-1;1;-1;1;-1;-1;-1;1;-1;1;-1;1;1;-1;-1;1;-1;1;-1;1;-1;-1;-1;1;-1;1;-1;1;1;-1;-1;1;-1;1;-1;1;-1;-1;-1;1;-1;1;-1;1;1;-1;-1;1;-1;1;-1;1;-1;-1;-1;1;-1;1;-1;1
7,precision_2_timepoints_9_ising.coo,72,25,1024,20,false,0.03965691172000001,-1.2043097216272887e-14,-59.0,-58.99999999999999,1.0,1;-1;-1;1;-1;1;-1;1;-1;-1;-1;1;-1;1;-1;1;1;-1;-1;1;-1;1;-1;1;-1;-1;-1;1;-1;1;-1;1;1;-1;-1;1;-1;1;-1;1;-1;-1;-1;1;-1;1;-1;1;1;-1;-1;1;-1;1;-1;1;-1;-1;-1;1;-1;1;-1;1;1;-1;-1;1;-1;1;-1;1
7,precision_2_timepoints_10_ising.coo,80,25,1024,20,false,0.05072416639999999,0.0,-66.0,-66.0,1.0,1;-1;-1;1;-1;1;-1;1;-1;-1;-1;1;-1;1;-1;1;1;-1;-1;1;-1;1;-1;1;-1;-1;-1;1;-1;1;-1;1;1;-1;-1;1;-1;1;-1;1;-1;-1;-1;1;-1;1;-1;1;1;-1;-1;1;-1;1;-1;1;-1;-1;-1;1;-1;1;-1;1;1;-1;-1;1;-1;1;-1;1;-1;-1;-1;1;-1;1;-1;1
7,precision_2_timepoints_11_ising.coo,88,25,1024,20,false,0.04884954692,0.0,-73.0,-73.0,0.96,1;-1;-1;1;-1;1;-1;1;-1;-1;-1;1;-1;1;-1;1;1;-1;-1;1;-1;1;-1;1;-1;-1;-1;1;-1;1;-1;1;1;-1;-1;1;-1;1;-1;1;-1;-1;-1;1;-1;1;-1;1;1;-1;-1;1;-1;1;-1;1;-1;-1;-1;1;-1;1;-1;1;1;-1;-1;1;-1;1;-1;1;-1;-1;-1;1;-1;1;-1;1;1;-1;-1;1;-1;1;-1;1
7,precision_2_timepoints_12_ising.coo,96,25,1024,20,false,0.07119195872000002,0.0,-80.0,-80.0,0.6,1;-1;-1;1;-1;1;-1;1;-1;-1;-1;1;-1;1;-1;1;1;-1;-1;1;-1;1;-1;1;-1;-1;-1;1;-1;1;-1;1;1;-1;-1;1;-1;1;-1;1;-1;-1;-1;1;-1;1;-1;1;1;-1;-1;1;-1;1;-1;1;-1;-1;-1;1;-1;1;-1;1;1;-1;-1;1;-1;1;-1;1;-1;-1;-1;1;-1;1;-1;1;1;-1;-1;1;-1;1;-1;1;-1;-1;-1;1;-1;1;-1;1
7,precision_2_timepoints_13_ising.coo,104,25,1024,20,false,0.05840265876000001,0.0,-87.0,-87.0,0.4,1;-1;-1;1;-1;1;-1;1;-1;-1;-1;1;-1;1;-1;1;1;-1;-1;1;-1;1;-1;1;-1;-1;-1;1;-1;1;-1;1;1;-1;-1;1;-1;1;-1;1;-1;-1;-1;1;-1;1;-1;1;1;-1;-1;1;-1;1;-1;1;-1;-1;-1;1;-1;1;-1;1;1;-1;-1;1;-1;1;-1;1;-1;-1;-1;1;-1;1;-1;1;1;-1;-1;1;-1;1;-1;1;-1;-1;-1;1;-1;1;-1;1;1;-1;-1;1;-1;1;-1;1
7,precision_2_timepoints_14_ising.coo,112,25,1024,20,false,0.06572234776000002,0.0,-94.0,-94.0,0.32,1;-1;-1;1;-1;1;-1;1;-1;-1;-1;1;-1;1;-1;1;1;-1;-1;1;-1;1;-1;1;-1;-1;-1;1;-1;1;-1;1;1;-1;-1;1;-1;1;-1;1;-1;-1;-1;1;-1;1;-1;1;1;-1;-1;1;-1;1;-1;1;-1;-1;-1;1;-1;1;-1;1;1;-1;-1;1;-1;1;-1;1;-1;-1;-1;1;-1;1;-1;1;1;-1;-1;1;-1;1;-1;1;-1;-1;-1;1;-1;1;-1;1;1;-1;-1;1;-1;1;-1;1;-1;-1;-1;1;-1;1;-1;1
7,precision_2_timepoints_2_ising.coo,16,25,1024,30,false,0.007685186600000002,0.0,-10.0,-10.0,1.0,1;-1;-1;1;-1;1;-1;1;-1;-1;-1;1;-1;1;-1;1
7,precision_2_timepoints_3_ising.coo,24,25,1024,30,false,0.012971199520000002,-2.089831575765001e-14,-17.0,-16.999999999999996,1.0,1;-1;-1;1;-1;1;-1;1;-1;-1;-1;1;-1;1;-1;1;1;-1;-1;1;-1;1;-1;1
7,precision_2_timepoints_4_ising.coo,32,25,1024,30,false,0.029591698599999994,0.0,-24.0,-24.0,1.0,1;-1;-1;1;-1;1;-1;1;-1;-1;-1;1;-1;1;-1;1;1;-1;-1;1;-1;1;-1;1;-1;-1;-1;1;-1;1;-1;1
7,precision_2_timepoints_5_ising.coo,40,25,1024,30,false,0.03137750496,-1.146036670580807e-14,-31.0,-30.999999999999996,1.0,1;-1;-1;1;-1;1;-1;1;-1;-1;-1;1;-1;1;-1;1;1;-1;-1;1;-1;1;-1;1;-1;-1;-1;1;-1;1;-1;1;1;-1;-1;1;-1;1;-1;1
7,precision_2_timepoints_6_ising.coo,48,25,1024,30,false,0.0407847412,0.0,-38.0,-38.0,1.0,1;-1;-1;1;-1;1;-1;1;-1;-1;-1;1;-1;1;-1;1;1;-1;-1;1;-1;1;-1;1;-1;-1;-1;1;-1;1;-1;1;1;-1;-1;1;-1;1;-1;1;-1;-1;-1;1;-1;1;-1;1
7,precision_2_timepoints_7_ising.coo,56,25,1024,30,false,0.04507033732,0.0,-45.0,-45.0,1.0,1;-1;-1;1;-1;1;-1;1;-1;-1;-1;1;-1;1;-1;1;1;-1;-1;1;-1;1;-1;1;-1;-1;-1;1;-1;1;-1;1;1;-1;-1;1;-1;1;-1;1;-1;-1;-1;1;-1;1;-1;1;1;-1;-1;1;-1;1;-1;1
7,precision_2_timepoints_8_ising.coo,64,25,1024,30,false,0.06344738824,0.0,-52.0,-52.0,1.0,1;-1;-1;1;-1;1;-1;1;-1;-1;-1;1;-1;1;-1;1;1;-1;-1;1;-1;1;-1;1;-1;-1;-1;1;-1;1;-1;1;1;-1;-1;1;-1;1;-1;1;-1;-1;-1;1;-1;1;-1;1;1;-1;-1;1;-1;1;-1;1;-1;-1;-1;1;-1;1;-1;1
7,precision_2_timepoints_9_ising.coo,72,25,1024,30,false,0.05883596256000002,-1.2043097216272887e-14,-59.0,-58.99999999999999,1.0,1;-1;-1;1;-1;1;-1;1;-1;-1;-1;1;-1;1;-1;1;1;-1;-1;1;-1;1;-1;1;-1;-1;-1;1;-1;1;-1;1;1;-1;-1;1;-1;1;-1;1;-1;-1;-1;1;-1;1;-1;1;1;-1;-1;1;-1;1;-1;1;-1;-1;-1;1;-1;1;-1;1;1;-1;-1;1;-1;1;-1;1
7,precision_2_timepoints_10_ising.coo,80,25,1024,30,false,0.0755902106,0.0,-66.0,-66.0,1.0,1;-1;-1;1;-1;1;-1;1;-1;-1;-1;1;-1;1;-1;1;1;-1;-1;1;-1;1;-1;1;-1;-1;-1;1;-1;1;-1;1;1;-1;-1;1;-1;1;-1;1;-1;-1;-1;1;-1;1;-1;1;1;-1;-1;1;-1;1;-1;1;-1;-1;-1;1;-1;1;-1;1;1;-1;-1;1;-1;1;-1;1;-1;-1;-1;1;-1;1;-1;1
7,precision_2_timepoints_11_ising.coo,88,25,1024,30,false,0.07268831296,0.0,-73.0,-73.0,0.92,1;-1;-1;1;-1;1;-1;1;-1;-1;-1;1;-1;1;-1;1;1;-1;-1;1;-1;1;-1;1;-1;-1;-1;1;-1;1;-1;1;1;-1;-1;1;-1;1;-1;1;-1;-1;-1;1;-1;1;-1;1;1;-1;-1;1;-1;1;-1;1;-1;-1;-1;1;-1;1;-1;1;1;-1;-1;1;-1;1;-1;1;-1;-1;-1;1;-1;1;-1;1;1;-1;-1;1;-1;1;-1;1
7,precision_2_timepoints_12_ising.coo,96,25,1024,30,false,0.10604091228000001,0.0,-80.0,-80.0,0.88,1;-1;-1;1;-1;1;-1;1;-1;-1;-1;1;-1;1;-1;1;1;-1;-1;1;-1;1;-1;1;-1;-1;-1;1;-1;1;-1;1;1;-1;-1;1;-1;1;-1;1;-1;-1;-1;1;-1;1;-1;1;1;-1;-1;1;-1;1;-1;1;-1;-1;-1;1;-1;1;-1;1;1;-1;-1;1;-1;1;-1;1;-1;-1;-1;1;-1;1;-1;1;1;-1;-1;1;-1;1;-1;1;-1;-1;-1;1;-1;1;-1;1
7,precision_2_timepoints_13_ising.coo,104,25,1024,30,false,0.0868569144,0.0,-87.0,-87.0,0.6,1;-1;-1;1;-1;1;-1;1;-1;-1;-1;1;-1;1;-1;1;1;-1;-1;1;-1;1;-1;1;-1;-1;-1;1;-1;1;-1;1;1;-1;-1;1;-1;1;-1;1;-1;-1;-1;1;-1;1;-1;1;1;-1;-1;1;-1;1;-1;1;-1;-1;-1;1;-1;1;-1;1;1;-1;-1;1;-1;1;-1;1;-1;-1;-1;1;-1;1;-1;1;1;-1;-1;1;-1;1;-1;1;-1;-1;-1;1;-1;1;-1;1;1;-1;-1;1;-1;1;-1;1
7,precision_2_timepoints_14_ising.coo,112,25,1024,30,false,0.09764943487999998,0.0,-94.0,-94.0,0.32,1;-1;-1;1;-1;1;-1;1;-1;-1;-1;1;-1;1;-1;1;1;-1;-1;1;-1;1;-1;1;-1;-1;-1;1;-1;1;-1;1;1;-1;-1;1;-1;1;-1;1;-1;-1;-1;1;-1;1;-1;1;1;-1;-1;1;-1;1;-1;1;-1;-1;-1;1;-1;1;-1;1;1;-1;-1;1;-1;1;-1;1;-1;-1;-1;1;-1;1;-1;1;1;-1;-1;1;-1;1;-1;1;-1;-1;-1;1;-1;1;-1;1;1;-1;-1;1;-1;1;-1;1;-1;-1;-1;1;-1;1;-1;1
7,precision_2_timepoints_2_ising.coo,16,25,1024,40,false,0.010039822040000002,0.0,-10.0,-10.0,1.0,1;-1;-1;1;-1;1;-1;1;-1;-1;-1;1;-1;1;-1;1
7,precision_2_timepoints_3_ising.coo,24,25,1024,40,false,0.017136475999999998,-2.089831575765001e-14,-17.0,-16.999999999999996,1.0,1;-1;-1;1;-1;1;-1;1;-1;-1;-1;1;-1;1;-1;1;1;-1;-1;1;-1;1;-1;1
7,precision_2_timepoints_4_ising.coo,32,25,1024,40,false,0.03917092147999999,0.0,-24.0,-24.0,1.0,1;-1;-1;1;-1;1;-1;1;-1;-1;-1;1;-1;1;-1;1;1;-1;-1;1;-1;1;-1;1;-1;-1;-1;1;-1;1;-1;1
7,precision_2_timepoints_5_ising.coo,40,25,1024,40,false,0.041571189560000006,-1.146036670580807e-14,-31.0,-30.999999999999996,1.0,1;-1;-1;1;-1;1;-1;1;-1;-1;-1;1;-1;1;-1;1;1;-1;-1;1;-1;1;-1;1;-1;-1;-1;1;-1;1;-1;1;1;-1;-1;1;-1;1;-1;1
7,precision_2_timepoints_6_ising.coo,48,25,1024,40,false,0.054103093760000005,0.0,-38.0,-38.0,1.0,1;-1;-1;1;-1;1;-1;1;-1;-1;-1;1;-1;1;-1;1;1;-1;-1;1;-1;1;-1;1;-1;-1;-1;1;-1;1;-1;1;1;-1;-1;1;-1;1;-1;1;-1;-1;-1;1;-1;1;-1;1
7,precision_2_timepoints_7_ising.coo,56,25,1024,40,false,0.059858504960000024,0.0,-45.0,-45.0,1.0,1;-1;-1;1;-1;1;-1;1;-1;-1;-1;1;-1;1;-1;1;1;-1;-1;1;-1;1;-1;1;-1;-1;-1;1;-1;1;-1;1;1;-1;-1;1;-1;1;-1;1;-1;-1;-1;1;-1;1;-1;1;1;-1;-1;1;-1;1;-1;1
7,precision_2_timepoints_8_ising.coo,64,25,1024,40,false,0.08385806068000001,0.0,-52.0,-52.0,1.0,1;-1;-1;1;-1;1;-1;1;-1;-1;-1;1;-1;1;-1;1;1;-1;-1;1;-1;1;-1;1;-1;-1;-1;1;-1;1;-1;1;1;-1;-1;1;-1;1;-1;1;-1;-1;-1;1;-1;1;-1;1;1;-1;-1;1;-1;1;-1;1;-1;-1;-1;1;-1;1;-1;1
7,precision_2_timepoints_9_ising.coo,72,25,1024,40,false,0.07813950891999998,-1.2043097216272887e-14,-59.0,-58.99999999999999,1.0,1;-1;-1;1;-1;1;-1;1;-1;-1;-1;1;-1;1;-1;1;1;-1;-1;1;-1;1;-1;1;-1;-1;-1;1;-1;1;-1;1;1;-1;-1;1;-1;1;-1;1;-1;-1;-1;1;-1;1;-1;1;1;-1;-1;1;-1;1;-1;1;-1;-1;-1;1;-1;1;-1;1;1;-1;-1;1;-1;1;-1;1
7,precision_2_timepoints_10_ising.coo,80,25,1024,40,false,0.09995893148000003,0.0,-66.0,-66.0,1.0,1;-1;-1;1;-1;1;-1;1;-1;-1;-1;1;-1;1;-1;1;1;-1;-1;1;-1;1;-1;1;-1;-1;-1;1;-1;1;-1;1;1;-1;-1;1;-1;1;-1;1;-1;-1;-1;1;-1;1;-1;1;1;-1;-1;1;-1;1;-1;1;-1;-1;-1;1;-1;1;-1;1;1;-1;-1;1;-1;1;-1;1;-1;-1;-1;1;-1;1;-1;1
7,precision_2_timepoints_11_ising.coo,88,25,1024,40,false,0.096430605,0.0,-73.0,-73.0,1.0,1;-1;-1;1;-1;1;-1;1;-1;-1;-1;1;-1;1;-1;1;1;-1;-1;1;-1;1;-1;1;-1;-1;-1;1;-1;1;-1;1;1;-1;-1;1;-1;1;-1;1;-1;-1;-1;1;-1;1;-1;1;1;-1;-1;1;-1;1;-1;1;-1;-1;-1;1;-1;1;-1;1;1;-1;-1;1;-1;1;-1;1;-1;-1;-1;1;-1;1;-1;1;1;-1;-1;1;-1;1;-1;1
7,precision_2_timepoints_12_ising.coo,96,25,1024,40,false,0.14061173536000002,0.0,-80.0,-80.0,0.88,1;-1;-1;1;-1;1;-1;1;-1;-1;-1;1;-1;1;-1;1;1;-1;-1;1;-1;1;-1;1;-1;-1;-1;1;-1;1;-1;1;1;-1;-1;1;-1;1;-1;1;-1;-1;-1;1;-1;1;-1;1;1;-1;-1;1;-1;1;-1;1;-1;-1;-1;1;-1;1;-1;1;1;-1;-1;1;-1;1;-1;1;-1;-1;-1;1;-1;1;-1;1;1;-1;-1;1;-1;1;-1;1;-1;-1;-1;1;-1;1;-1;1
7,precision_2_timepoints_13_ising.coo,104,25,1024,40,false,0.11527865184,0.0,-87.0,-87.0,0.8,1;-1;-1;1;-1;1;-1;1;-1;-1;-1;1;-1;1;-1;1;1;-1;-1;1;-1;1;-1;1;-1;-1;-1;1;-1;1;-1;1;1;-1;-1;1;-1;1;-1;1;-1;-1;-1;1;-1;1;-1;1;1;-1;-1;1;-1;1;-1;1;-1;-1;-1;1;-1;1;-1;1;1;-1;-1;1;-1;1;-1;1;-1;-1;-1;1;-1;1;-1;1;1;-1;-1;1;-1;1;-1;1;-1;-1;-1;1;-1;1;-1;1;1;-1;-1;1;-1;1;-1;1
7,precision_2_timepoints_14_ising.coo,112,25,1024,40,false,0.12975136112,0.0,-94.0,-94.0,0.56,1;-1;-1;1;-1;1;-1;1;-1;-1;-1;1;-1;1;-1;1;1;-1;-1;1;-1;1;-1;1;-1;-1;-1;1;-1;1;-1;1;1;-1;-1;1;-1;1;-1;1;-1;-1;-1;1;-1;1;-1;1;1;-1;-1;1;-1;1;-1;1;-1;-1;-1;1;-1;1;-1;1;1;-1;-1;1;-1;1;-1;1;-1;-1;-1;1;-1;1;-1;1;1;-1;-1;1;-1;1;-1;1;-1;-1;-1;1;-1;1;-1;1;1;-1;-1;1;-1;1;-1;1;-1;-1;-1;1;-1;1;-1;1
7,precision_2_timepoints_2_ising.coo,16,25,1024,50,false,0.012476011559999998,0.0,-10.0,-10.0,1.0,1;-1;-1;1;-1;1;-1;1;-1;-1;-1;1;-1;1;-1;1
7,precision_2_timepoints_3_ising.coo,24,25,1024,50,false,0.0212856826,-2.089831575765001e-14,-17.0,-16.999999999999996,1.0,1;-1;-1;1;-1;1;-1;1;-1;-1;-1;1;-1;1;-1;1;1;-1;-1;1;-1;1;-1;1
7,precision_2_timepoints_4_ising.coo,32,25,1024,50,false,0.048774053760000005,0.0,-24.0,-24.0,1.0,1;-1;-1;1;-1;1;-1;1;-1;-1;-1;1;-1;1;-1;1;1;-1;-1;1;-1;1;-1;1;-1;-1;-1;1;-1;1;-1;1
7,precision_2_timepoints_5_ising.coo,40,25,1024,50,false,0.05172286147999999,-1.146036670580807e-14,-31.0,-30.999999999999996,1.0,1;-1;-1;1;-1;1;-1;1;-1;-1;-1;1;-1;1;-1;1;1;-1;-1;1;-1;1;-1;1;-1;-1;-1;1;-1;1;-1;1;1;-1;-1;1;-1;1;-1;1
7,precision_2_timepoints_6_ising.coo,48,25,1024,50,false,0.06739432427999997,0.0,-38.0,-38.0,1.0,1;-1;-1;1;-1;1;-1;1;-1;-1;-1;1;-1;1;-1;1;1;-1;-1;1;-1;1;-1;1;-1;-1;-1;1;-1;1;-1;1;1;-1;-1;1;-1;1;-1;1;-1;-1;-1;1;-1;1;-1;1
7,precision_2_timepoints_7_ising.coo,56,25,1024,50,false,0.07455287156000001,0.0,-45.0,-45.0,1.0,1;-1;-1;1;-1;1;-1;1;-1;-1;-1;1;-1;1;-1;1;1;-1;-1;1;-1;1;-1;1;-1;-1;-1;1;-1;1;-1;1;1;-1;-1;1;-1;1;-1;1;-1;-1;-1;1;-1;1;-1;1;1;-1;-1;1;-1;1;-1;1
7,precision_2_timepoints_8_ising.coo,64,25,1024,50,false,0.10447601163999998,0.0,-52.0,-52.0,1.0,1;-1;-1;1;-1;1;-1;1;-1;-1;-1;1;-1;1;-1;1;1;-1;-1;1;-1;1;-1;1;-1;-1;-1;1;-1;1;-1;1;1;-1;-1;1;-1;1;-1;1;-1;-1;-1;1;-1;1;-1;1;1;-1;-1;1;-1;1;-1;1;-1;-1;-1;1;-1;1;-1;1
7,precision_2_timepoints_9_ising.coo,72,25,1024,50,false,0.09739609923999998,-1.2043097216272887e-14,-59.0,-58.99999999999999,1.0,1;-1;-1;1;-1;1;-1;1;-1;-1;-1;1;-1;1;-1;1;1;-1;-1;1;-1;1;-1;1;-1;-1;-1;1;-1;1;-1;1;1;-1;-1;1;-1;1;-1;1;-1;-1;-1;1;-1;1;-1;1;1;-1;-1;1;-1;1;-1;1;-1;-1;-1;1;-1;1;-1;1;1;-1;-1;1;-1;1;-1;1
7,precision_2_timepoints_10_ising.coo,80,25,1024,50,false,0.12458919887999999,0.0,-66.0,-66.0,1.0,1;-1;-1;1;-1;1;-1;1;-1;-1;-1;1;-1;1;-1;1;1;-1;-1;1;-1;1;-1;1;-1;-1;-1;1;-1;1;-1;1;1;-1;-1;1;-1;1;-1;1;-1;-1;-1;1;-1;1;-1;1;1;-1;-1;1;-1;1;-1;1;-1;-1;-1;1;-1;1;-1;1;1;-1;-1;1;-1;1;-1;1;-1;-1;-1;1;-1;1;-1;1
7,precision_2_timepoints_11_ising.coo,88,25,1024,50,false,0.12037897040000002,0.0,-73.0,-73.0,1.0,1;-1;-1;1;-1;1;-1;1;-1;-1;-1;1;-1;1;-1;1;1;-1;-1;1;-1;1;-1;1;-1;-1;-1;1;-1;1;-1;1;1;-1;-1;1;-1;1;-1;1;-1;-1;-1;1;-1;1;-1;1;1;-1;-1;1;-1;1;-1;1;-1;-1;-1;1;-1;1;-1;1;1;-1;-1;1;-1;1;-1;1;-1;-1;-1;1;-1;1;-1;1;1;-1;-1;1;-1;1;-1;1
7,precision_2_timepoints_12_ising.coo,96,25,1024,50,false,0.17541222204,0.0,-80.0,-80.0,0.96,1;-1;-1;1;-1;1;-1;1;-1;-1;-1;1;-1;1;-1;1;1;-1;-1;1;-1;1;-1;1;-1;-1;-1;1;-1;1;-1;1;1;-1;-1;1;-1;1;-1;1;-1;-1;-1;1;-1;1;-1;1;1;-1;-1;1;-1;1;-1;1;-1;-1;-1;1;-1;1;-1;1;1;-1;-1;1;-1;1;-1;1;-1;-1;-1;1;-1;1;-1;1;1;-1;-1;1;-1;1;-1;1;-1;-1;-1;1;-1;1;-1;1
7,precision_2_timepoints_13_ising.coo,104,25,1024,50,false,0.14365319435999999,0.0,-87.0,-87.0,0.96,1;-1;-1;1;-1;1;-1;1;-1;-1;-1;1;-1;1;-1;1;1;-1;-1;1;-1;1;-1;1;-1;-1;-1;1;-1;1;-1;1;1;-1;-1;1;-1;1;-1;1;-1;-1;-1;1;-1;1;-1;1;1;-1;-1;1;-1;1;-1;1;-1;-1;-1;1;-1;1;-1;1;1;-1;-1;1;-1;1;-1;1;-1;-1;-1;1;-1;1;-1;1;1;-1;-1;1;-1;1;-1;1;-1;-1;-1;1;-1;1;-1;1;1;-1;-1;1;-1;1;-1;1
7,precision_2_timepoints_14_ising.coo,112,25,1024,50,false,0.16164276844,0.0,-94.0,-94.0,0.76,1;-1;-1;1;-1;1;-1;1;-1;-1;-1;1;-1;1;-1;1;1;-1;-1;1;-1;1;-1;1;-1;-1;-1;1;-1;1;-1;1;1;-1;-1;1;-1;1;-1;1;-1;-1;-1;1;-1;1;-1;1;1;-1;-1;1;-1;1;-1;1;-1;-1;-1;1;-1;1;-1;1;1;-1;-1;1;-1;1;-1;1;-1;-1;-1;1;-1;1;-1;1;1;-1;-1;1;-1;1;-1;1;-1;-1;-1;1;-1;1;-1;1;1;-1;-1;1;-1;1;-1;1;-1;-1;-1;1;-1;1;-1;1
7,precision_2_timepoints_2_ising.coo,16,25,1024,60,false,0.014830328360000002,0.0,-10.0,-10.0,1.0,1;-1;-1;1;-1;1;-1;1;-1;-1;-1;1;-1;1;-1;1
7,precision_2_timepoints_3_ising.coo,24,25,1024,60,false,0.02541991372,-2.089831575765001e-14,-17.0,-16.999999999999996,1.0,1;-1;-1;1;-1;1;-1;1;-1;-1;-1;1;-1;1;-1;1;1;-1;-1;1;-1;1;-1;1
7,precision_2_timepoints_4_ising.coo,32,25,1024,60,false,0.0583785438,0.0,-24.0,-24.0,1.0,1;-1;-1;1;-1;1;-1;1;-1;-1;-1;1;-1;1;-1;1;1;-1;-1;1;-1;1;-1;1;-1;-1;-1;1;-1;1;-1;1
7,precision_2_timepoints_5_ising.coo,40,25,1024,60,false,0.06201723072000001,-1.146036670580807e-14,-31.0,-30.999999999999996,1.0,1;-1;-1;1;-1;1;-1;1;-1;-1;-1;1;-1;1;-1;1;1;-1;-1;1;-1;1;-1;1;-1;-1;-1;1;-1;1;-1;1;1;-1;-1;1;-1;1;-1;1
7,precision_2_timepoints_6_ising.coo,48,25,1024,60,false,0.08070750071999999,0.0,-38.0,-38.0,1.0,1;-1;-1;1;-1;1;-1;1;-1;-1;-1;1;-1;1;-1;1;1;-1;-1;1;-1;1;-1;1;-1;-1;-1;1;-1;1;-1;1;1;-1;-1;1;-1;1;-1;1;-1;-1;-1;1;-1;1;-1;1
7,precision_2_timepoints_7_ising.coo,56,25,1024,60,false,0.08922359256000002,0.0,-45.0,-45.0,1.0,1;-1;-1;1;-1;1;-1;1;-1;-1;-1;1;-1;1;-1;1;1;-1;-1;1;-1;1;-1;1;-1;-1;-1;1;-1;1;-1;1;1;-1;-1;1;-1;1;-1;1;-1;-1;-1;1;-1;1;-1;1;1;-1;-1;1;-1;1;-1;1
7,precision_2_timepoints_8_ising.coo,64,25,1024,60,false,0.12518502144,0.0,-52.0,-52.0,1.0,1;-1;-1;1;-1;1;-1;1;-1;-1;-1;1;-1;1;-1;1;1;-1;-1;1;-1;1;-1;1;-1;-1;-1;1;-1;1;-1;1;1;-1;-1;1;-1;1;-1;1;-1;-1;-1;1;-1;1;-1;1;1;-1;-1;1;-1;1;-1;1;-1;-1;-1;1;-1;1;-1;1
7,precision_2_timepoints_9_ising.coo,72,25,1024,60,false,0.11657444123999999,-1.2043097216272887e-14,-59.0,-58.99999999999999,1.0,1;-1;-1;1;-1;1;-1;1;-1;-1;-1;1;-1;1;-1;1;1;-1;-1;1;-1;1;-1;1;-1;-1;-1;1;-1;1;-1;1;1;-1;-1;1;-1;1;-1;1;-1;-1;-1;1;-1;1;-1;1;1;-1;-1;1;-1;1;-1;1;-1;-1;-1;1;-1;1;-1;1;1;-1;-1;1;-1;1;-1;1
7,precision_2_timepoints_10_ising.coo,80,25,1024,60,false,0.14942976552000004,0.0,-66.0,-66.0,1.0,1;-1;-1;1;-1;1;-1;1;-1;-1;-1;1;-1;1;-1;1;1;-1;-1;1;-1;1;-1;1;-1;-1;-1;1;-1;1;-1;1;1;-1;-1;1;-1;1;-1;1;-1;-1;-1;1;-1;1;-1;1;1;-1;-1;1;-1;1;-1;1;-1;-1;-1;1;-1;1;-1;1;1;-1;-1;1;-1;1;-1;1;-1;-1;-1;1;-1;1;-1;1
7,precision_2_timepoints_11_ising.coo,88,25,1024,60,false,0.14400884568,0.0,-73.0,-73.0,1.0,1;-1;-1;1;-1;1;-1;1;-1;-1;-1;1;-1;1;-1;1;1;-1;-1;1;-1;1;-1;1;-1;-1;-1;1;-1;1;-1;1;1;-1;-1;1;-1;1;-1;1;-1;-1;-1;1;-1;1;-1;1;1;-1;-1;1;-1;1;-1;1;-1;-1;-1;1;-1;1;-1;1;1;-1;-1;1;-1;1;-1;1;-1;-1;-1;1;-1;1;-1;1;1;-1;-1;1;-1;1;-1;1
7,precision_2_timepoints_12_ising.coo,96,25,1024,60,false,0.21041849388000003,0.0,-80.0,-80.0,1.0,1;-1;-1;1;-1;1;-1;1;-1;-1;-1;1;-1;1;-1;1;1;-1;-1;1;-1;1;-1;1;-1;-1;-1;1;-1;1;-1;1;1;-1;-1;1;-1;1;-1;1;-1;-1;-1;1;-1;1;-1;1;1;-1;-1;1;-1;1;-1;1;-1;-1;-1;1;-1;1;-1;1;1;-1;-1;1;-1;1;-1;1;-1;-1;-1;1;-1;1;-1;1;1;-1;-1;1;-1;1;-1;1;-1;-1;-1;1;-1;1;-1;1
7,precision_2_timepoints_13_ising.coo,104,25,1024,60,false,0.17197271444,0.0,-87.0,-87.0,1.0,1;-1;-1;1;-1;1;-1;1;-1;-1;-1;1;-1;1;-1;1;1;-1;-1;1;-1;1;-1;1;-1;-1;-1;1;-1;1;-1;1;1;-1;-1;1;-1;1;-1;1;-1;-1;-1;1;-1;1;-1;1;1;-1;-1;1;-1;1;-1;1;-1;-1;-1;1;-1;1;-1;1;1;-1;-1;1;-1;1;-1;1;-1;-1;-1;1;-1;1;-1;1;1;-1;-1;1;-1;1;-1;1;-1;-1;-1;1;-1;1;-1;1;1;-1;-1;1;-1;1;-1;1
7,precision_2_timepoints_14_ising.coo,112,25,1024,60,false,0.19367638327999998,0.0,-94.0,-94.0,0.68,1;-1;-1;1;-1;1;-1;1;-1;-1;-1;1;-1;1;-1;1;1;-1;-1;1;-1;1;-1;1;-1;-1;-1;1;-1;1;-1;1;1;-1;-1;1;-1;1;-1;1;-1;-1;-1;1;-1;1;-1;1;1;-1;-1;1;-1;1;-1;1;-1;-1;-1;1;-1;1;-1;1;1;-1;-1;1;-1;1;-1;1;-1;-1;-1;1;-1;1;-1;1;1;-1;-1;1;-1;1;-1;1;-1;-1;-1;1;-1;1;-1;1;1;-1;-1;1;-1;1;-1;1;-1;-1;-1;1;-1;1;-1;1
7,precision_2_timepoints_2_ising.coo,16,25,1024,70,false,0.017225224400000003,0.0,-10.0,-10.0,1.0,1;-1;-1;1;-1;1;-1;1;-1;-1;-1;1;-1;1;-1;1
7,precision_2_timepoints_3_ising.coo,24,25,1024,70,false,0.029693245360000006,-2.089831575765001e-14,-17.0,-16.999999999999996,1.0,1;-1;-1;1;-1;1;-1;1;-1;-1;-1;1;-1;1;-1;1;1;-1;-1;1;-1;1;-1;1
7,precision_2_timepoints_4_ising.coo,32,25,1024,70,false,0.06797766307999999,0.0,-24.0,-24.0,1.0,1;-1;-1;1;-1;1;-1;1;-1;-1;-1;1;-1;1;-1;1;1;-1;-1;1;-1;1;-1;1;-1;-1;-1;1;-1;1;-1;1
7,precision_2_timepoints_5_ising.coo,40,25,1024,70,false,0.07223008968,-1.146036670580807e-14,-31.0,-30.999999999999996,1.0,1;-1;-1;1;-1;1;-1;1;-1;-1;-1;1;-1;1;-1;1;1;-1;-1;1;-1;1;-1;1;-1;-1;-1;1;-1;1;-1;1;1;-1;-1;1;-1;1;-1;1
7,precision_2_timepoints_6_ising.coo,48,25,1024,70,false,0.09401947208000001,0.0,-38.0,-38.0,1.0,1;-1;-1;1;-1;1;-1;1;-1;-1;-1;1;-1;1;-1;1;1;-1;-1;1;-1;1;-1;1;-1;-1;-1;1;-1;1;-1;1;1;-1;-1;1;-1;1;-1;1;-1;-1;-1;1;-1;1;-1;1
7,precision_2_timepoints_7_ising.coo,56,25,1024,70,false,0.10403696611999999,0.0,-45.0,-45.0,1.0,1;-1;-1;1;-1;1;-1;1;-1;-1;-1;1;-1;1;-1;1;1;-1;-1;1;-1;1;-1;1;-1;-1;-1;1;-1;1;-1;1;1;-1;-1;1;-1;1;-1;1;-1;-1;-1;1;-1;1;-1;1;1;-1;-1;1;-1;1;-1;1
7,precision_2_timepoints_8_ising.coo,64,25,1024,70,false,0.14590735443999997,0.0,-52.0,-52.0,1.0,1;-1;-1;1;-1;1;-1;1;-1;-1;-1;1;-1;1;-1;1;1;-1;-1;1;-1;1;-1;1;-1;-1;-1;1;-1;1;-1;1;1;-1;-1;1;-1;1;-1;1;-1;-1;-1;1;-1;1;-1;1;1;-1;-1;1;-1;1;-1;1;-1;-1;-1;1;-1;1;-1;1
7,precision_2_timepoints_9_ising.coo,72,25,1024,70,false,0.13578046616000003,-1.2043097216272887e-14,-59.0,-58.99999999999999,1.0,1;-1;-1;1;-1;1;-1;1;-1;-1;-1;1;-1;1;-1;1;1;-1;-1;1;-1;1;-1;1;-1;-1;-1;1;-1;1;-1;1;1;-1;-1;1;-1;1;-1;1;-1;-1;-1;1;-1;1;-1;1;1;-1;-1;1;-1;1;-1;1;-1;-1;-1;1;-1;1;-1;1;1;-1;-1;1;-1;1;-1;1
7,precision_2_timepoints_10_ising.coo,80,25,1024,70,false,0.17444892363999998,0.0,-66.0,-66.0,1.0,1;-1;-1;1;-1;1;-1;1;-1;-1;-1;1;-1;1;-1;1;1;-1;-1;1;-1;1;-1;1;-1;-1;-1;1;-1;1;-1;1;1;-1;-1;1;-1;1;-1;1;-1;-1;-1;1;-1;1;-1;1;1;-1;-1;1;-1;1;-1;1;-1;-1;-1;1;-1;1;-1;1;1;-1;-1;1;-1;1;-1;1;-1;-1;-1;1;-1;1;-1;1
7,precision_2_timepoints_11_ising.coo,88,25,1024,70,false,0.16778156891999996,0.0,-73.0,-73.0,1.0,1;-1;-1;1;-1;1;-1;1;-1;-1;-1;1;-1;1;-1;1;1;-1;-1;1;-1;1;-1;1;-1;-1;-1;1;-1;1;-1;1;1;-1;-1;1;-1;1;-1;1;-1;-1;-1;1;-1;1;-1;1;1;-1;-1;1;-1;1;-1;1;-1;-1;-1;1;-1;1;-1;1;1;-1;-1;1;-1;1;-1;1;-1;-1;-1;1;-1;1;-1;1;1;-1;-1;1;-1;1;-1;1
7,precision_2_timepoints_12_ising.coo,96,25,1024,70,false,0.24499508472000006,0.0,-80.0,-80.0,0.92,1;-1;-1;1;-1;1;-1;1;-1;-1;-1;1;-1;1;-1;1;1;-1;-1;1;-1;1;-1;1;-1;-1;-1;1;-1;1;-1;1;1;-1;-1;1;-1;1;-1;1;-1;-1;-1;1;-1;1;-1;1;1;-1;-1;1;-1;1;-1;1;-1;-1;-1;1;-1;1;-1;1;1;-1;-1;1;-1;1;-1;1;-1;-1;-1;1;-1;1;-1;1;1;-1;-1;1;-1;1;-1;1;-1;-1;-1;1;-1;1;-1;1
7,precision_2_timepoints_13_ising.coo,104,25,1024,70,false,0.20055928671999998,0.0,-87.0,-87.0,1.0,1;-1;-1;1;-1;1;-1;1;-1;-1;-1;1;-1;1;-1;1;1;-1;-1;1;-1;1;-1;1;-1;-1;-1;1;-1;1;-1;1;1;-1;-1;1;-1;1;-1;1;-1;-1;-1;1;-1;1;-1;1;1;-1;-1;1;-1;1;-1;1;-1;-1;-1;1;-1;1;-1;1;1;-1;-1;1;-1;1;-1;1;-1;-1;-1;1;-1;1;-1;1;1;-1;-1;1;-1;1;-1;1;-1;-1;-1;1;-1;1;-1;1;1;-1;-1;1;-1;1;-1;1
7,precision_2_timepoints_14_ising.coo,112,25,1024,70,false,0.22571020992,0.0,-94.0,-94.0,0.8,1;-1;-1;1;-1;1;-1;1;-1;-1;-1;1;-1;1;-1;1;1;-1;-1;1;-1;1;-1;1;-1;-1;-1;1;-1;1;-1;1;1;-1;-1;1;-1;1;-1;1;-1;-1;-1;1;-1;1;-1;1;1;-1;-1;1;-1;1;-1;1;-1;-1;-1;1;-1;1;-1;1;1;-1;-1;1;-1;1;-1;1;-1;-1;-1;1;-1;1;-1;1;1;-1;-1;1;-1;1;-1;1;-1;-1;-1;1;-1;1;-1;1;1;-1;-1;1;-1;1;-1;1;-1;-1;-1;1;-1;1;-1;1
7,precision_2_timepoints_2_ising.coo,16,25,1024,80,false,0.019617038519999998,0.0,-10.0,-10.0,1.0,1;-1;-1;1;-1;1;-1;1;-1;-1;-1;1;-1;1;-1;1
7,precision_2_timepoints_3_ising.coo,24,25,1024,80,false,0.03377848492,-2.089831575765001e-14,-17.0,-16.999999999999996,1.0,1;-1;-1;1;-1;1;-1;1;-1;-1;-1;1;-1;1;-1;1;1;-1;-1;1;-1;1;-1;1
7,precision_2_timepoints_4_ising.coo,32,25,1024,80,false,0.077507341,0.0,-24.0,-24.0,1.0,1;-1;-1;1;-1;1;-1;1;-1;-1;-1;1;-1;1;-1;1;1;-1;-1;1;-1;1;-1;1;-1;-1;-1;1;-1;1;-1;1
7,precision_2_timepoints_5_ising.coo,40,25,1024,80,false,0.08232103908,-1.146036670580807e-14,-31.0,-30.999999999999996,1.0,1;-1;-1;1;-1;1;-1;1;-1;-1;-1;1;-1;1;-1;1;1;-1;-1;1;-1;1;-1;1;-1;-1;-1;1;-1;1;-1;1;1;-1;-1;1;-1;1;-1;1
7,precision_2_timepoints_6_ising.coo,48,25,1024,80,false,0.10727067708000002,0.0,-38.0,-38.0,1.0,1;-1;-1;1;-1;1;-1;1;-1;-1;-1;1;-1;1;-1;1;1;-1;-1;1;-1;1;-1;1;-1;-1;-1;1;-1;1;-1;1;1;-1;-1;1;-1;1;-1;1;-1;-1;-1;1;-1;1;-1;1
7,precision_2_timepoints_7_ising.coo,56,25,1024,80,false,0.11872053236,0.0,-45.0,-45.0,1.0,1;-1;-1;1;-1;1;-1;1;-1;-1;-1;1;-1;1;-1;1;1;-1;-1;1;-1;1;-1;1;-1;-1;-1;1;-1;1;-1;1;1;-1;-1;1;-1;1;-1;1;-1;-1;-1;1;-1;1;-1;1;1;-1;-1;1;-1;1;-1;1
7,precision_2_timepoints_8_ising.coo,64,25,1024,80,false,0.16715637656000001,0.0,-52.0,-52.0,1.0,1;-1;-1;1;-1;1;-1;1;-1;-1;-1;1;-1;1;-1;1;1;-1;-1;1;-1;1;-1;1;-1;-1;-1;1;-1;1;-1;1;1;-1;-1;1;-1;1;-1;1;-1;-1;-1;1;-1;1;-1;1;1;-1;-1;1;-1;1;-1;1;-1;-1;-1;1;-1;1;-1;1
7,precision_2_timepoints_9_ising.coo,72,25,1024,80,false,0.15498188111999997,-1.2043097216272887e-14,-59.0,-58.99999999999999,1.0,1;-1;-1;1;-1;1;-1;1;-1;-1;-1;1;-1;1;-1;1;1;-1;-1;1;-1;1;-1;1;-1;-1;-1;1;-1;1;-1;1;1;-1;-1;1;-1;1;-1;1;-1;-1;-1;1;-1;1;-1;1;1;-1;-1;1;-1;1;-1;1;-1;-1;-1;1;-1;1;-1;1;1;-1;-1;1;-1;1;-1;1
7,precision_2_timepoints_10_ising.coo,80,25,1024,80,false,0.19881860392,0.0,-66.0,-66.0,1.0,1;-1;-1;1;-1;1;-1;1;-1;-1;-1;1;-1;1;-1;1;1;-1;-1;1;-1;1;-1;1;-1;-1;-1;1;-1;1;-1;1;1;-1;-1;1;-1;1;-1;1;-1;-1;-1;1;-1;1;-1;1;1;-1;-1;1;-1;1;-1;1;-1;-1;-1;1;-1;1;-1;1;1;-1;-1;1;-1;1;-1;1;-1;-1;-1;1;-1;1;-1;1
7,precision_2_timepoints_11_ising.coo,88,25,1024,80,false,0.19154831479999998,0.0,-73.0,-73.0,1.0,1;-1;-1;1;-1;1;-1;1;-1;-1;-1;1;-1;1;-1;1;1;-1;-1;1;-1;1;-1;1;-1;-1;-1;1;-1;1;-1;1;1;-1;-1;1;-1;1;-1;1;-1;-1;-1;1;-1;1;-1;1;1;-1;-1;1;-1;1;-1;1;-1;-1;-1;1;-1;1;-1;1;1;-1;-1;1;-1;1;-1;1;-1;-1;-1;1;-1;1;-1;1;1;-1;-1;1;-1;1;-1;1
7,precision_2_timepoints_12_ising.coo,96,25,1024,80,false,0.27957677115999996,0.0,-80.0,-80.0,1.0,1;-1;-1;1;-1;1;-1;1;-1;-1;-1;1;-1;1;-1;1;1;-1;-1;1;-1;1;-1;1;-1;-1;-1;1;-1;1;-1;1;1;-1;-1;1;-1;1;-1;1;-1;-1;-1;1;-1;1;-1;1;1;-1;-1;1;-1;1;-1;1;-1;-1;-1;1;-1;1;-1;1;1;-1;-1;1;-1;1;-1;1;-1;-1;-1;1;-1;1;-1;1;1;-1;-1;1;-1;1;-1;1;-1;-1;-1;1;-1;1;-1;1
7,precision_2_timepoints_13_ising.coo,104,25,1024,80,false,0.22875334347999995,0.0,-87.0,-87.0,0.96,1;-1;-1;1;-1;1;-1;1;-1;-1;-1;1;-1;1;-1;1;1;-1;-1;1;-1;1;-1;1;-1;-1;-1;1;-1;1;-1;1;1;-1;-1;1;-1;1;-1;1;-1;-1;-1;1;-1;1;-1;1;1;-1;-1;1;-1;1;-1;1;-1;-1;-1;1;-1;1;-1;1;1;-1;-1;1;-1;1;-1;1;-1;-1;-1;1;-1;1;-1;1;1;-1;-1;1;-1;1;-1;1;-1;-1;-1;1;-1;1;-1;1;1;-1;-1;1;-1;1;-1;1
7,precision_2_timepoints_14_ising.coo,112,25,1024,80,false,0.25776203672000003,0.0,-94.0,-94.0,0.84,1;-1;-1;1;-1;1;-1;1;-1;-1;-1;1;-1;1;-1;1;1;-1;-1;1;-1;1;-1;1;-1;-1;-1;1;-1;1;-1;1;1;-1;-1;1;-1;1;-1;1;-1;-1;-1;1;-1;1;-1;1;1;-1;-1;1;-1;1;-1;1;-1;-1;-1;1;-1;1;-1;1;1;-1;-1;1;-1;1;-1;1;-1;-1;-1;1;-1;1;-1;1;1;-1;-1;1;-1;1;-1;1;-1;-1;-1;1;-1;1;-1;1;1;-1;-1;1;-1;1;-1;1;-1;-1;-1;1;-1;1;-1;1
7,precision_2_timepoints_2_ising.coo,16,25,1024,90,false,0.022005414600000005,0.0,-10.0,-10.0,1.0,1;-1;-1;1;-1;1;-1;1;-1;-1;-1;1;-1;1;-1;1
7,precision_2_timepoints_3_ising.coo,24,25,1024,90,false,0.03796202036,-2.089831575765001e-14,-17.0,-16.999999999999996,1.0,1;-1;-1;1;-1;1;-1;1;-1;-1;-1;1;-1;1;-1;1;1;-1;-1;1;-1;1;-1;1
7,precision_2_timepoints_4_ising.coo,32,25,1024,90,false,0.08711719096,0.0,-24.0,-24.0,1.0,1;-1;-1;1;-1;1;-1;1;-1;-1;-1;1;-1;1;-1;1;1;-1;-1;1;-1;1;-1;1;-1;-1;-1;1;-1;1;-1;1
7,precision_2_timepoints_5_ising.coo,40,25,1024,90,false,0.0924236208,-1.146036670580807e-14,-31.0,-30.999999999999996,1.0,1;-1;-1;1;-1;1;-1;1;-1;-1;-1;1;-1;1;-1;1;1;-1;-1;1;-1;1;-1;1;-1;-1;-1;1;-1;1;-1;1;1;-1;-1;1;-1;1;-1;1
7,precision_2_timepoints_6_ising.coo,48,25,1024,90,false,0.12060737656000003,0.0,-38.0,-38.0,1.0,1;-1;-1;1;-1;1;-1;1;-1;-1;-1;1;-1;1;-1;1;1;-1;-1;1;-1;1;-1;1;-1;-1;-1;1;-1;1;-1;1;1;-1;-1;1;-1;1;-1;1;-1;-1;-1;1;-1;1;-1;1
7,precision_2_timepoints_7_ising.coo,56,25,1024,90,false,0.13321406004,0.0,-45.0,-45.0,1.0,1;-1;-1;1;-1;1;-1;1;-1;-1;-1;1;-1;1;-1;1;1;-1;-1;1;-1;1;-1;1;-1;-1;-1;1;-1;1;-1;1;1;-1;-1;1;-1;1;-1;1;-1;-1;-1;1;-1;1;-1;1;1;-1;-1;1;-1;1;-1;1
7,precision_2_timepoints_8_ising.coo,64,25,1024,90,false,0.18730823064000002,0.0,-52.0,-52.0,1.0,1;-1;-1;1;-1;1;-1;1;-1;-1;-1;1;-1;1;-1;1;1;-1;-1;1;-1;1;-1;1;-1;-1;-1;1;-1;1;-1;1;1;-1;-1;1;-1;1;-1;1;-1;-1;-1;1;-1;1;-1;1;1;-1;-1;1;-1;1;-1;1;-1;-1;-1;1;-1;1;-1;1
7,precision_2_timepoints_9_ising.coo,72,25,1024,90,false,0.17420073292,-1.2043097216272887e-14,-59.0,-58.99999999999999,1.0,1;-1;-1;1;-1;1;-1;1;-1;-1;-1;1;-1;1;-1;1;1;-1;-1;1;-1;1;-1;1;-1;-1;-1;1;-1;1;-1;1;1;-1;-1;1;-1;1;-1;1;-1;-1;-1;1;-1;1;-1;1;1;-1;-1;1;-1;1;-1;1;-1;-1;-1;1;-1;1;-1;1;1;-1;-1;1;-1;1;-1;1
7,precision_2_timepoints_10_ising.coo,80,25,1024,90,false,0.22277904784000005,0.0,-66.0,-66.0,1.0,1;-1;-1;1;-1;1;-1;1;-1;-1;-1;1;-1;1;-1;1;1;-1;-1;1;-1;1;-1;1;-1;-1;-1;1;-1;1;-1;1;1;-1;-1;1;-1;1;-1;1;-1;-1;-1;1;-1;1;-1;1;1;-1;-1;1;-1;1;-1;1;-1;-1;-1;1;-1;1;-1;1;1;-1;-1;1;-1;1;-1;1;-1;-1;-1;1;-1;1;-1;1
7,precision_2_timepoints_11_ising.coo,88,25,1024,90,false,0.21545025231999998,0.0,-73.0,-73.0,1.0,1;-1;-1;1;-1;1;-1;1;-1;-1;-1;1;-1;1;-1;1;1;-1;-1;1;-1;1;-1;1;-1;-1;-1;1;-1;1;-1;1;1;-1;-1;1;-1;1;-1;1;-1;-1;-1;1;-1;1;-1;1;1;-1;-1;1;-1;1;-1;1;-1;-1;-1;1;-1;1;-1;1;1;-1;-1;1;-1;1;-1;1;-1;-1;-1;1;-1;1;-1;1;1;-1;-1;1;-1;1;-1;1
7,precision_2_timepoints_12_ising.coo,96,25,1024,90,false,0.3136917104,0.0,-80.0,-80.0,0.96,1;-1;-1;1;-1;1;-1;1;-1;-1;-1;1;-1;1;-1;1;1;-1;-1;1;-1;1;-1;1;-1;-1;-1;1;-1;1;-1;1;1;-1;-1;1;-1;1;-1;1;-1;-1;-1;1;-1;1;-1;1;1;-1;-1;1;-1;1;-1;1;-1;-1;-1;1;-1;1;-1;1;1;-1;-1;1;-1;1;-1;1;-1;-1;-1;1;-1;1;-1;1;1;-1;-1;1;-1;1;-1;1;-1;-1;-1;1;-1;1;-1;1
7,precision_2_timepoints_13_ising.coo,104,25,1024,90,false,0.25708979776,0.0,-87.0,-87.0,1.0,1;-1;-1;1;-1;1;-1;1;-1;-1;-1;1;-1;1;-1;1;1;-1;-1;1;-1;1;-1;1;-1;-1;-1;1;-1;1;-1;1;1;-1;-1;1;-1;1;-1;1;-1;-1;-1;1;-1;1;-1;1;1;-1;-1;1;-1;1;-1;1;-1;-1;-1;1;-1;1;-1;1;1;-1;-1;1;-1;1;-1;1;-1;-1;-1;1;-1;1;-1;1;1;-1;-1;1;-1;1;-1;1;-1;-1;-1;1;-1;1;-1;1;1;-1;-1;1;-1;1;-1;1
7,precision_2_timepoints_14_ising.coo,112,25,1024,90,false,0.28964763263999993,0.0,-94.0,-94.0,1.0,1;-1;-1;1;-1;1;-1;1;-1;-1;-1;1;-1;1;-1;1;1;-1;-1;1;-1;1;-1;1;-1;-1;-1;1;-1;1;-1;1;1;-1;-1;1;-1;1;-1;1;-1;-1;-1;1;-1;1;-1;1;1;-1;-1;1;-1;1;-1;1;-1;-1;-1;1;-1;1;-1;1;1;-1;-1;1;-1;1;-1;1;-1;-1;-1;1;-1;1;-1;1;1;-1;-1;1;-1;1;-1;1;-1;-1;-1;1;-1;1;-1;1;1;-1;-1;1;-1;1;-1;1;-1;-1;-1;1;-1;1;-1;1
7,precision_2_timepoints_2_ising.coo,16,25,1024,100,false,0.024417767360000005,0.0,-10.0,-10.0,1.0,1;-1;-1;1;-1;1;-1;1;-1;-1;-1;1;-1;1;-1;1
7,precision_2_timepoints_3_ising.coo,24,25,1024,100,false,0.042049283759999986,-2.089831575765001e-14,-17.0,-16.999999999999996,1.0,1;-1;-1;1;-1;1;-1;1;-1;-1;-1;1;-1;1;-1;1;1;-1;-1;1;-1;1;-1;1
7,precision_2_timepoints_4_ising.coo,32,25,1024,100,false,0.09669666187999998,0.0,-24.0,-24.0,1.0,1;-1;-1;1;-1;1;-1;1;-1;-1;-1;1;-1;1;-1;1;1;-1;-1;1;-1;1;-1;1;-1;-1;-1;1;-1;1;-1;1
7,precision_2_timepoints_5_ising.coo,40,25,1024,100,false,0.10266102963999998,-1.146036670580807e-14,-31.0,-30.999999999999996,1.0,1;-1;-1;1;-1;1;-1;1;-1;-1;-1;1;-1;1;-1;1;1;-1;-1;1;-1;1;-1;1;-1;-1;-1;1;-1;1;-1;1;1;-1;-1;1;-1;1;-1;1
7,precision_2_timepoints_6_ising.coo,48,25,1024,100,false,0.133916858,0.0,-38.0,-38.0,1.0,1;-1;-1;1;-1;1;-1;1;-1;-1;-1;1;-1;1;-1;1;1;-1;-1;1;-1;1;-1;1;-1;-1;-1;1;-1;1;-1;1;1;-1;-1;1;-1;1;-1;1;-1;-1;-1;1;-1;1;-1;1
7,precision_2_timepoints_7_ising.coo,56,25,1024,100,false,0.14793686252,0.0,-45.0,-45.0,1.0,1;-1;-1;1;-1;1;-1;1;-1;-1;-1;1;-1;1;-1;1;1;-1;-1;1;-1;1;-1;1;-1;-1;-1;1;-1;1;-1;1;1;-1;-1;1;-1;1;-1;1;-1;-1;-1;1;-1;1;-1;1;1;-1;-1;1;-1;1;-1;1
7,precision_2_timepoints_8_ising.coo,64,25,1024,100,false,0.20803401987999998,0.0,-52.0,-52.0,1.0,1;-1;-1;1;-1;1;-1;1;-1;-1;-1;1;-1;1;-1;1;1;-1;-1;1;-1;1;-1;1;-1;-1;-1;1;-1;1;-1;1;1;-1;-1;1;-1;1;-1;1;-1;-1;-1;1;-1;1;-1;1;1;-1;-1;1;-1;1;-1;1;-1;-1;-1;1;-1;1;-1;1
7,precision_2_timepoints_9_ising.coo,72,25,1024,100,false,0.19341602491999996,-1.2043097216272887e-14,-59.0,-58.99999999999999,1.0,1;-1;-1;1;-1;1;-1;1;-1;-1;-1;1;-1;1;-1;1;1;-1;-1;1;-1;1;-1;1;-1;-1;-1;1;-1;1;-1;1;1;-1;-1;1;-1;1;-1;1;-1;-1;-1;1;-1;1;-1;1;1;-1;-1;1;-1;1;-1;1;-1;-1;-1;1;-1;1;-1;1;1;-1;-1;1;-1;1;-1;1
7,precision_2_timepoints_10_ising.coo,80,25,1024,100,false,0.24727954132000005,0.0,-66.0,-66.0,1.0,1;-1;-1;1;-1;1;-1;1;-1;-1;-1;1;-1;1;-1;1;1;-1;-1;1;-1;1;-1;1;-1;-1;-1;1;-1;1;-1;1;1;-1;-1;1;-1;1;-1;1;-1;-1;-1;1;-1;1;-1;1;1;-1;-1;1;-1;1;-1;1;-1;-1;-1;1;-1;1;-1;1;1;-1;-1;1;-1;1;-1;1;-1;-1;-1;1;-1;1;-1;1
7,precision_2_timepoints_11_ising.coo,88,25,1024,100,false,0.2392367054,0.0,-73.0,-73.0,1.0,1;-1;-1;1;-1;1;-1;1;-1;-1;-1;1;-1;1;-1;1;1;-1;-1;1;-1;1;-1;1;-1;-1;-1;1;-1;1;-1;1;1;-1;-1;1;-1;1;-1;1;-1;-1;-1;1;-1;1;-1;1;1;-1;-1;1;-1;1;-1;1;-1;-1;-1;1;-1;1;-1;1;1;-1;-1;1;-1;1;-1;1;-1;-1;-1;1;-1;1;-1;1;1;-1;-1;1;-1;1;-1;1
7,precision_2_timepoints_12_ising.coo,96,25,1024,100,false,0.34829210131999994,0.0,-80.0,-80.0,1.0,1;-1;-1;1;-1;1;-1;1;-1;-1;-1;1;-1;1;-1;1;1;-1;-1;1;-1;1;-1;1;-1;-1;-1;1;-1;1;-1;1;1;-1;-1;1;-1;1;-1;1;-1;-1;-1;1;-1;1;-1;1;1;-1;-1;1;-1;1;-1;1;-1;-1;-1;1;-1;1;-1;1;1;-1;-1;1;-1;1;-1;1;-1;-1;-1;1;-1;1;-1;1;1;-1;-1;1;-1;1;-1;1;-1;-1;-1;1;-1;1;-1;1
7,precision_2_timepoints_13_ising.coo,104,25,1024,100,false,0.28549240372,0.0,-87.0,-87.0,0.96,1;-1;-1;1;-1;1;-1;1;-1;-1;-1;1;-1;1;-1;1;1;-1;-1;1;-1;1;-1;1;-1;-1;-1;1;-1;1;-1;1;1;-1;-1;1;-1;1;-1;1;-1;-1;-1;1;-1;1;-1;1;1;-1;-1;1;-1;1;-1;1;-1;-1;-1;1;-1;1;-1;1;1;-1;-1;1;-1;1;-1;1;-1;-1;-1;1;-1;1;-1;1;1;-1;-1;1;-1;1;-1;1;-1;-1;-1;1;-1;1;-1;1;1;-1;-1;1;-1;1;-1;1
7,precision_2_timepoints_14_ising.coo,112,25,1024,100,false,0.32157241928,0.0,-94.0,-94.0,0.96,1;-1;-1;1;-1;1;-1;1;-1;-1;-1;1;-1;1;-1;1;1;-1;-1;1;-1;1;-1;1;-1;-1;-1;1;-1;1;-1;1;1;-1;-1;1;-1;1;-1;1;-1;-1;-1;1;-1;1;-1;1;1;-1;-1;1;-1;1;-1;1;-1;-1;-1;1;-1;1;-1;1;1;-1;-1;1;-1;1;-1;1;-1;-1;-1;1;-1;1;-1;1;1;-1;-1;1;-1;1;-1;1;-1;-1;-1;1;-1;1;-1;1;1;-1;-1;1;-1;1;-1;1;-1;-1;-1;1;-1;1;-1;1
7,precision_2_timepoints_2_ising.coo,16,25,1024,200,false,0.04834058727999999,0.0,-10.0,-10.0,1.0,1;-1;-1;1;-1;1;-1;1;-1;-1;-1;1;-1;1;-1;1
7,precision_2_timepoints_3_ising.coo,24,25,1024,200,false,0.08386744444000001,-2.089831575765001e-14,-17.0,-16.999999999999996,1.0,1;-1;-1;1;-1;1;-1;1;-1;-1;-1;1;-1;1;-1;1;1;-1;-1;1;-1;1;-1;1
7,precision_2_timepoints_4_ising.coo,32,25,1024,200,false,0.19284507992000002,0.0,-24.0,-24.0,1.0,1;-1;-1;1;-1;1;-1;1;-1;-1;-1;1;-1;1;-1;1;1;-1;-1;1;-1;1;-1;1;-1;-1;-1;1;-1;1;-1;1
7,precision_2_timepoints_5_ising.coo,40,25,1024,200,false,0.20425314335999997,-1.146036670580807e-14,-31.0,-30.999999999999996,1.0,1;-1;-1;1;-1;1;-1;1;-1;-1;-1;1;-1;1;-1;1;1;-1;-1;1;-1;1;-1;1;-1;-1;-1;1;-1;1;-1;1;1;-1;-1;1;-1;1;-1;1
7,precision_2_timepoints_6_ising.coo,48,25,1024,200,false,0.26650310052000004,0.0,-38.0,-38.0,1.0,1;-1;-1;1;-1;1;-1;1;-1;-1;-1;1;-1;1;-1;1;1;-1;-1;1;-1;1;-1;1;-1;-1;-1;1;-1;1;-1;1;1;-1;-1;1;-1;1;-1;1;-1;-1;-1;1;-1;1;-1;1
7,precision_2_timepoints_7_ising.coo,56,25,1024,200,false,0.29483240392000004,0.0,-45.0,-45.0,1.0,1;-1;-1;1;-1;1;-1;1;-1;-1;-1;1;-1;1;-1;1;1;-1;-1;1;-1;1;-1;1;-1;-1;-1;1;-1;1;-1;1;1;-1;-1;1;-1;1;-1;1;-1;-1;-1;1;-1;1;-1;1;1;-1;-1;1;-1;1;-1;1
7,precision_2_timepoints_8_ising.coo,64,25,1024,200,false,0.41455576704,0.0,-52.0,-52.0,1.0,1;-1;-1;1;-1;1;-1;1;-1;-1;-1;1;-1;1;-1;1;1;-1;-1;1;-1;1;-1;1;-1;-1;-1;1;-1;1;-1;1;1;-1;-1;1;-1;1;-1;1;-1;-1;-1;1;-1;1;-1;1;1;-1;-1;1;-1;1;-1;1;-1;-1;-1;1;-1;1;-1;1
7,precision_2_timepoints_9_ising.coo,72,25,1024,200,false,0.38492177072000006,-1.2043097216272887e-14,-59.0,-58.99999999999999,1.0,1;-1;-1;1;-1;1;-1;1;-1;-1;-1;1;-1;1;-1;1;1;-1;-1;1;-1;1;-1;1;-1;-1;-1;1;-1;1;-1;1;1;-1;-1;1;-1;1;-1;1;-1;-1;-1;1;-1;1;-1;1;1;-1;-1;1;-1;1;-1;1;-1;-1;-1;1;-1;1;-1;1;1;-1;-1;1;-1;1;-1;1
7,precision_2_timepoints_10_ising.coo,80,25,1024,200,false,0.4932286156,0.0,-66.0,-66.0,1.0,1;-1;-1;1;-1;1;-1;1;-1;-1;-1;1;-1;1;-1;1;1;-1;-1;1;-1;1;-1;1;-1;-1;-1;1;-1;1;-1;1;1;-1;-1;1;-1;1;-1;1;-1;-1;-1;1;-1;1;-1;1;1;-1;-1;1;-1;1;-1;1;-1;-1;-1;1;-1;1;-1;1;1;-1;-1;1;-1;1;-1;1;-1;-1;-1;1;-1;1;-1;1
7,precision_2_timepoints_11_ising.coo,88,25,1024,200,false,0.4760239858,0.0,-73.0,-73.0,1.0,1;-1;-1;1;-1;1;-1;1;-1;-1;-1;1;-1;1;-1;1;1;-1;-1;1;-1;1;-1;1;-1;-1;-1;1;-1;1;-1;1;1;-1;-1;1;-1;1;-1;1;-1;-1;-1;1;-1;1;-1;1;1;-1;-1;1;-1;1;-1;1;-1;-1;-1;1;-1;1;-1;1;1;-1;-1;1;-1;1;-1;1;-1;-1;-1;1;-1;1;-1;1;1;-1;-1;1;-1;1;-1;1
7,precision_2_timepoints_12_ising.coo,96,25,1024,200,false,0.6955375624399999,0.0,-80.0,-80.0,1.0,1;-1;-1;1;-1;1;-1;1;-1;-1;-1;1;-1;1;-1;1;1;-1;-1;1;-1;1;-1;1;-1;-1;-1;1;-1;1;-1;1;1;-1;-1;1;-1;1;-1;1;-1;-1;-1;1;-1;1;-1;1;1;-1;-1;1;-1;1;-1;1;-1;-1;-1;1;-1;1;-1;1;1;-1;-1;1;-1;1;-1;1;-1;-1;-1;1;-1;1;-1;1;1;-1;-1;1;-1;1;-1;1;-1;-1;-1;1;-1;1;-1;1
7,precision_2_timepoints_13_ising.coo,104,25,1024,200,false,0.5691421036,0.0,-87.0,-87.0,1.0,1;-1;-1;1;-1;1;-1;1;-1;-1;-1;1;-1;1;-1;1;1;-1;-1;1;-1;1;-1;1;-1;-1;-1;1;-1;1;-1;1;1;-1;-1;1;-1;1;-1;1;-1;-1;-1;1;-1;1;-1;1;1;-1;-1;1;-1;1;-1;1;-1;-1;-1;1;-1;1;-1;1;1;-1;-1;1;-1;1;-1;1;-1;-1;-1;1;-1;1;-1;1;1;-1;-1;1;-1;1;-1;1;-1;-1;-1;1;-1;1;-1;1;1;-1;-1;1;-1;1;-1;1
7,precision_2_timepoints_14_ising.coo,112,25,1024,200,false,0.64087003584,0.0,-94.0,-94.0,1.0,1;-1;-1;1;-1;1;-1;1;-1;-1;-1;1;-1;1;-1;1;1;-1;-1;1;-1;1;-1;1;-1;-1;-1;1;-1;1;-1;1;1;-1;-1;1;-1;1;-1;1;-1;-1;-1;1;-1;1;-1;1;1;-1;-1;1;-1;1;-1;1;-1;-1;-1;1;-1;1;-1;1;1;-1;-1;1;-1;1;-1;1;-1;-1;-1;1;-1;1;-1;1;1;-1;-1;1;-1;1;-1;1;-1;-1;-1;1;-1;1;-1;1;1;-1;-1;1;-1;1;-1;1;-1;-1;-1;1;-1;1;-1;1
7,precision_2_timepoints_2_ising.coo,16,25,1024,300,false,0.07228941204,0.0,-10.0,-10.0,1.0,1;-1;-1;1;-1;1;-1;1;-1;-1;-1;1;-1;1;-1;1
7,precision_2_timepoints_3_ising.coo,24,25,1024,300,false,0.12448104212000001,-2.089831575765001e-14,-17.0,-16.999999999999996,1.0,1;-1;-1;1;-1;1;-1;1;-1;-1;-1;1;-1;1;-1;1;1;-1;-1;1;-1;1;-1;1
7,precision_2_timepoints_4_ising.coo,32,25,1024,300,false,0.28839915812,0.0,-24.0,-24.0,1.0,1;-1;-1;1;-1;1;-1;1;-1;-1;-1;1;-1;1;-1;1;1;-1;-1;1;-1;1;-1;1;-1;-1;-1;1;-1;1;-1;1
7,precision_2_timepoints_5_ising.coo,40,25,1024,300,false,0.30614561028,-1.146036670580807e-14,-31.0,-30.999999999999996,1.0,1;-1;-1;1;-1;1;-1;1;-1;-1;-1;1;-1;1;-1;1;1;-1;-1;1;-1;1;-1;1;-1;-1;-1;1;-1;1;-1;1;1;-1;-1;1;-1;1;-1;1
7,precision_2_timepoints_6_ising.coo,48,25,1024,300,false,0.3990675798400001,0.0,-38.0,-38.0,1.0,1;-1;-1;1;-1;1;-1;1;-1;-1;-1;1;-1;1;-1;1;1;-1;-1;1;-1;1;-1;1;-1;-1;-1;1;-1;1;-1;1;1;-1;-1;1;-1;1;-1;1;-1;-1;-1;1;-1;1;-1;1
7,precision_2_timepoints_7_ising.coo,56,25,1024,300,false,0.44091072964,0.0,-45.0,-45.0,1.0,1;-1;-1;1;-1;1;-1;1;-1;-1;-1;1;-1;1;-1;1;1;-1;-1;1;-1;1;-1;1;-1;-1;-1;1;-1;1;-1;1;1;-1;-1;1;-1;1;-1;1;-1;-1;-1;1;-1;1;-1;1;1;-1;-1;1;-1;1;-1;1
7,precision_2_timepoints_8_ising.coo,64,25,1024,300,false,0.6217109770800002,0.0,-52.0,-52.0,1.0,1;-1;-1;1;-1;1;-1;1;-1;-1;-1;1;-1;1;-1;1;1;-1;-1;1;-1;1;-1;1;-1;-1;-1;1;-1;1;-1;1;1;-1;-1;1;-1;1;-1;1;-1;-1;-1;1;-1;1;-1;1;1;-1;-1;1;-1;1;-1;1;-1;-1;-1;1;-1;1;-1;1
7,precision_2_timepoints_9_ising.coo,72,25,1024,300,false,0.57638859708,-1.2043097216272887e-14,-59.0,-58.99999999999999,1.0,1;-1;-1;1;-1;1;-1;1;-1;-1;-1;1;-1;1;-1;1;1;-1;-1;1;-1;1;-1;1;-1;-1;-1;1;-1;1;-1;1;1;-1;-1;1;-1;1;-1;1;-1;-1;-1;1;-1;1;-1;1;1;-1;-1;1;-1;1;-1;1;-1;-1;-1;1;-1;1;-1;1;1;-1;-1;1;-1;1;-1;1
7,precision_2_timepoints_10_ising.coo,80,25,1024,300,false,0.7393753320399999,0.0,-66.0,-66.0,1.0,1;-1;-1;1;-1;1;-1;1;-1;-1;-1;1;-1;1;-1;1;1;-1;-1;1;-1;1;-1;1;-1;-1;-1;1;-1;1;-1;1;1;-1;-1;1;-1;1;-1;1;-1;-1;-1;1;-1;1;-1;1;1;-1;-1;1;-1;1;-1;1;-1;-1;-1;1;-1;1;-1;1;1;-1;-1;1;-1;1;-1;1;-1;-1;-1;1;-1;1;-1;1
7,precision_2_timepoints_11_ising.coo,88,25,1024,300,false,0.712994899,0.0,-73.0,-73.0,1.0,1;-1;-1;1;-1;1;-1;1;-1;-1;-1;1;-1;1;-1;1;1;-1;-1;1;-1;1;-1;1;-1;-1;-1;1;-1;1;-1;1;1;-1;-1;1;-1;1;-1;1;-1;-1;-1;1;-1;1;-1;1;1;-1;-1;1;-1;1;-1;1;-1;-1;-1;1;-1;1;-1;1;1;-1;-1;1;-1;1;-1;1;-1;-1;-1;1;-1;1;-1;1;1;-1;-1;1;-1;1;-1;1
7,precision_2_timepoints_12_ising.coo,96,25,1024,300,false,1.0408106531200003,0.0,-80.0,-80.0,1.0,1;-1;-1;1;-1;1;-1;1;-1;-1;-1;1;-1;1;-1;1;1;-1;-1;1;-1;1;-1;1;-1;-1;-1;1;-1;1;-1;1;1;-1;-1;1;-1;1;-1;1;-1;-1;-1;1;-1;1;-1;1;1;-1;-1;1;-1;1;-1;1;-1;-1;-1;1;-1;1;-1;1;1;-1;-1;1;-1;1;-1;1;-1;-1;-1;1;-1;1;-1;1;1;-1;-1;1;-1;1;-1;1;-1;-1;-1;1;-1;1;-1;1
7,precision_2_timepoints_13_ising.coo,104,25,1024,300,false,0.85157746612,0.0,-87.0,-87.0,1.0,1;-1;-1;1;-1;1;-1;1;-1;-1;-1;1;-1;1;-1;1;1;-1;-1;1;-1;1;-1;1;-1;-1;-1;1;-1;1;-1;1;1;-1;-1;1;-1;1;-1;1;-1;-1;-1;1;-1;1;-1;1;1;-1;-1;1;-1;1;-1;1;-1;-1;-1;1;-1;1;-1;1;1;-1;-1;1;-1;1;-1;1;-1;-1;-1;1;-1;1;-1;1;1;-1;-1;1;-1;1;-1;1;-1;-1;-1;1;-1;1;-1;1;1;-1;-1;1;-1;1;-1;1
7,precision_2_timepoints_14_ising.coo,112,25,1024,300,false,0.95995024972,0.0,-94.0,-94.0,1.0,1;-1;-1;1;-1;1;-1;1;-1;-1;-1;1;-1;1;-1;1;1;-1;-1;1;-1;1;-1;1;-1;-1;-1;1;-1;1;-1;1;1;-1;-1;1;-1;1;-1;1;-1;-1;-1;1;-1;1;-1;1;1;-1;-1;1;-1;1;-1;1;-1;-1;-1;1;-1;1;-1;1;1;-1;-1;1;-1;1;-1;1;-1;-1;-1;1;-1;1;-1;1;1;-1;-1;1;-1;1;-1;1;-1;-1;-1;1;-1;1;-1;1;1;-1;-1;1;-1;1;-1;1;-1;-1;-1;1;-1;1;-1;1
7,precision_2_timepoints_2_ising.coo,16,25,1024,400,false,0.09622955668,0.0,-10.0,-10.0,1.0,1;-1;-1;1;-1;1;-1;1;-1;-1;-1;1;-1;1;-1;1
7,precision_2_timepoints_3_ising.coo,24,25,1024,400,false,0.16447525795999993,-2.089831575765001e-14,-17.0,-16.999999999999996,1.0,1;-1;-1;1;-1;1;-1;1;-1;-1;-1;1;-1;1;-1;1;1;-1;-1;1;-1;1;-1;1
7,precision_2_timepoints_4_ising.coo,32,25,1024,400,false,0.38491643075999993,0.0,-24.0,-24.0,1.0,1;-1;-1;1;-1;1;-1;1;-1;-1;-1;1;-1;1;-1;1;1;-1;-1;1;-1;1;-1;1;-1;-1;-1;1;-1;1;-1;1
7,precision_2_timepoints_5_ising.coo,40,25,1024,400,false,0.40745075760000005,-1.146036670580807e-14,-31.0,-30.999999999999996,1.0,1;-1;-1;1;-1;1;-1;1;-1;-1;-1;1;-1;1;-1;1;1;-1;-1;1;-1;1;-1;1;-1;-1;-1;1;-1;1;-1;1;1;-1;-1;1;-1;1;-1;1
7,precision_2_timepoints_6_ising.coo,48,25,1024,400,false,0.5311704629599998,0.0,-38.0,-38.0,1.0,1;-1;-1;1;-1;1;-1;1;-1;-1;-1;1;-1;1;-1;1;1;-1;-1;1;-1;1;-1;1;-1;-1;-1;1;-1;1;-1;1;1;-1;-1;1;-1;1;-1;1;-1;-1;-1;1;-1;1;-1;1
7,precision_2_timepoints_7_ising.coo,56,25,1024,400,false,0.58791882164,0.0,-45.0,-45.0,1.0,1;-1;-1;1;-1;1;-1;1;-1;-1;-1;1;-1;1;-1;1;1;-1;-1;1;-1;1;-1;1;-1;-1;-1;1;-1;1;-1;1;1;-1;-1;1;-1;1;-1;1;-1;-1;-1;1;-1;1;-1;1;1;-1;-1;1;-1;1;-1;1
7,precision_2_timepoints_8_ising.coo,64,25,1024,400,false,0.8258915307600003,0.0,-52.0,-52.0,1.0,1;-1;-1;1;-1;1;-1;1;-1;-1;-1;1;-1;1;-1;1;1;-1;-1;1;-1;1;-1;1;-1;-1;-1;1;-1;1;-1;1;1;-1;-1;1;-1;1;-1;1;-1;-1;-1;1;-1;1;-1;1;1;-1;-1;1;-1;1;-1;1;-1;-1;-1;1;-1;1;-1;1
7,precision_2_timepoints_9_ising.coo,72,25,1024,400,false,0.7681056586,-1.2043097216272887e-14,-59.0,-58.99999999999999,1.0,1;-1;-1;1;-1;1;-1;1;-1;-1;-1;1;-1;1;-1;1;1;-1;-1;1;-1;1;-1;1;-1;-1;-1;1;-1;1;-1;1;1;-1;-1;1;-1;1;-1;1;-1;-1;-1;1;-1;1;-1;1;1;-1;-1;1;-1;1;-1;1;-1;-1;-1;1;-1;1;-1;1;1;-1;-1;1;-1;1;-1;1
7,precision_2_timepoints_10_ising.coo,80,25,1024,400,false,0.984434459,0.0,-66.0,-66.0,1.0,1;-1;-1;1;-1;1;-1;1;-1;-1;-1;1;-1;1;-1;1;1;-1;-1;1;-1;1;-1;1;-1;-1;-1;1;-1;1;-1;1;1;-1;-1;1;-1;1;-1;1;-1;-1;-1;1;-1;1;-1;1;1;-1;-1;1;-1;1;-1;1;-1;-1;-1;1;-1;1;-1;1;1;-1;-1;1;-1;1;-1;1;-1;-1;-1;1;-1;1;-1;1
7,precision_2_timepoints_11_ising.coo,88,25,1024,400,false,0.94983404276,0.0,-73.0,-73.0,1.0,1;-1;-1;1;-1;1;-1;1;-1;-1;-1;1;-1;1;-1;1;1;-1;-1;1;-1;1;-1;1;-1;-1;-1;1;-1;1;-1;1;1;-1;-1;1;-1;1;-1;1;-1;-1;-1;1;-1;1;-1;1;1;-1;-1;1;-1;1;-1;1;-1;-1;-1;1;-1;1;-1;1;1;-1;-1;1;-1;1;-1;1;-1;-1;-1;1;-1;1;-1;1;1;-1;-1;1;-1;1;-1;1
7,precision_2_timepoints_12_ising.coo,96,25,1024,400,false,1.38548981352,0.0,-80.0,-80.0,1.0,1;-1;-1;1;-1;1;-1;1;-1;-1;-1;1;-1;1;-1;1;1;-1;-1;1;-1;1;-1;1;-1;-1;-1;1;-1;1;-1;1;1;-1;-1;1;-1;1;-1;1;-1;-1;-1;1;-1;1;-1;1;1;-1;-1;1;-1;1;-1;1;-1;-1;-1;1;-1;1;-1;1;1;-1;-1;1;-1;1;-1;1;-1;-1;-1;1;-1;1;-1;1;1;-1;-1;1;-1;1;-1;1;-1;-1;-1;1;-1;1;-1;1
7,precision_2_timepoints_13_ising.coo,104,25,1024,400,false,1.13483392852,0.0,-87.0,-87.0,1.0,1;-1;-1;1;-1;1;-1;1;-1;-1;-1;1;-1;1;-1;1;1;-1;-1;1;-1;1;-1;1;-1;-1;-1;1;-1;1;-1;1;1;-1;-1;1;-1;1;-1;1;-1;-1;-1;1;-1;1;-1;1;1;-1;-1;1;-1;1;-1;1;-1;-1;-1;1;-1;1;-1;1;1;-1;-1;1;-1;1;-1;1;-1;-1;-1;1;-1;1;-1;1;1;-1;-1;1;-1;1;-1;1;-1;-1;-1;1;-1;1;-1;1;1;-1;-1;1;-1;1;-1;1
7,precision_2_timepoints_14_ising.coo,112,25,1024,400,false,1.2781563288799997,0.0,-94.0,-94.0,1.0,1;-1;-1;1;-1;1;-1;1;-1;-1;-1;1;-1;1;-1;1;1;-1;-1;1;-1;1;-1;1;-1;-1;-1;1;-1;1;-1;1;1;-1;-1;1;-1;1;-1;1;-1;-1;-1;1;-1;1;-1;1;1;-1;-1;1;-1;1;-1;1;-1;-1;-1;1;-1;1;-1;1;1;-1;-1;1;-1;1;-1;1;-1;-1;-1;1;-1;1;-1;1;1;-1;-1;1;-1;1;-1;1;-1;-1;-1;1;-1;1;-1;1;1;-1;-1;1;-1;1;-1;1;-1;-1;-1;1;-1;1;-1;1
7,precision_2_timepoints_2_ising.coo,16,25,1024,500,false,0.12016446539999998,0.0,-10.0,-10.0,1.0,1;-1;-1;1;-1;1;-1;1;-1;-1;-1;1;-1;1;-1;1
7,precision_2_timepoints_3_ising.coo,24,25,1024,500,false,0.20597412188000008,-2.089831575765001e-14,-17.0,-16.999999999999996,1.0,1;-1;-1;1;-1;1;-1;1;-1;-1;-1;1;-1;1;-1;1;1;-1;-1;1;-1;1;-1;1
7,precision_2_timepoints_4_ising.coo,32,25,1024,500,false,0.48071628028,0.0,-24.0,-24.0,1.0,1;-1;-1;1;-1;1;-1;1;-1;-1;-1;1;-1;1;-1;1;1;-1;-1;1;-1;1;-1;1;-1;-1;-1;1;-1;1;-1;1
7,precision_2_timepoints_5_ising.coo,40,25,1024,500,false,0.5088655056799998,-1.146036670580807e-14,-31.0,-30.999999999999996,1.0,1;-1;-1;1;-1;1;-1;1;-1;-1;-1;1;-1;1;-1;1;1;-1;-1;1;-1;1;-1;1;-1;-1;-1;1;-1;1;-1;1;1;-1;-1;1;-1;1;-1;1
7,precision_2_timepoints_6_ising.coo,48,25,1024,500,false,0.6638366236000001,0.0,-38.0,-38.0,1.0,1;-1;-1;1;-1;1;-1;1;-1;-1;-1;1;-1;1;-1;1;1;-1;-1;1;-1;1;-1;1;-1;-1;-1;1;-1;1;-1;1;1;-1;-1;1;-1;1;-1;1;-1;-1;-1;1;-1;1;-1;1
7,precision_2_timepoints_7_ising.coo,56,25,1024,500,false,0.73411650172,0.0,-45.0,-45.0,1.0,1;-1;-1;1;-1;1;-1;1;-1;-1;-1;1;-1;1;-1;1;1;-1;-1;1;-1;1;-1;1;-1;-1;-1;1;-1;1;-1;1;1;-1;-1;1;-1;1;-1;1;-1;-1;-1;1;-1;1;-1;1;1;-1;-1;1;-1;1;-1;1
7,precision_2_timepoints_8_ising.coo,64,25,1024,500,false,1.03152014908,0.0,-52.0,-52.0,1.0,1;-1;-1;1;-1;1;-1;1;-1;-1;-1;1;-1;1;-1;1;1;-1;-1;1;-1;1;-1;1;-1;-1;-1;1;-1;1;-1;1;1;-1;-1;1;-1;1;-1;1;-1;-1;-1;1;-1;1;-1;1;1;-1;-1;1;-1;1;-1;1;-1;-1;-1;1;-1;1;-1;1
7,precision_2_timepoints_9_ising.coo,72,25,1024,500,false,0.95908408364,-1.2043097216272887e-14,-59.0,-58.99999999999999,1.0,1;-1;-1;1;-1;1;-1;1;-1;-1;-1;1;-1;1;-1;1;1;-1;-1;1;-1;1;-1;1;-1;-1;-1;1;-1;1;-1;1;1;-1;-1;1;-1;1;-1;1;-1;-1;-1;1;-1;1;-1;1;1;-1;-1;1;-1;1;-1;1;-1;-1;-1;1;-1;1;-1;1;1;-1;-1;1;-1;1;-1;1
7,precision_2_timepoints_10_ising.coo,80,25,1024,500,false,1.2299592105600001,0.0,-66.0,-66.0,1.0,1;-1;-1;1;-1;1;-1;1;-1;-1;-1;1;-1;1;-1;1;1;-1;-1;1;-1;1;-1;1;-1;-1;-1;1;-1;1;-1;1;1;-1;-1;1;-1;1;-1;1;-1;-1;-1;1;-1;1;-1;1;1;-1;-1;1;-1;1;-1;1;-1;-1;-1;1;-1;1;-1;1;1;-1;-1;1;-1;1;-1;1;-1;-1;-1;1;-1;1;-1;1
7,precision_2_timepoints_11_ising.coo,88,25,1024,500,false,1.1860920115200002,0.0,-73.0,-73.0,1.0,1;-1;-1;1;-1;1;-1;1;-1;-1;-1;1;-1;1;-1;1;1;-1;-1;1;-1;1;-1;1;-1;-1;-1;1;-1;1;-1;1;1;-1;-1;1;-1;1;-1;1;-1;-1;-1;1;-1;1;-1;1;1;-1;-1;1;-1;1;-1;1;-1;-1;-1;1;-1;1;-1;1;1;-1;-1;1;-1;1;-1;1;-1;-1;-1;1;-1;1;-1;1;1;-1;-1;1;-1;1;-1;1
7,precision_2_timepoints_12_ising.coo,96,25,1024,500,false,1.73079620308,0.0,-80.0,-80.0,1.0,1;-1;-1;1;-1;1;-1;1;-1;-1;-1;1;-1;1;-1;1;1;-1;-1;1;-1;1;-1;1;-1;-1;-1;1;-1;1;-1;1;1;-1;-1;1;-1;1;-1;1;-1;-1;-1;1;-1;1;-1;1;1;-1;-1;1;-1;1;-1;1;-1;-1;-1;1;-1;1;-1;1;1;-1;-1;1;-1;1;-1;1;-1;-1;-1;1;-1;1;-1;1;1;-1;-1;1;-1;1;-1;1;-1;-1;-1;1;-1;1;-1;1
7,precision_2_timepoints_13_ising.coo,104,25,1024,500,false,1.4172991163200002,0.0,-87.0,-87.0,1.0,1;-1;-1;1;-1;1;-1;1;-1;-1;-1;1;-1;1;-1;1;1;-1;-1;1;-1;1;-1;1;-1;-1;-1;1;-1;1;-1;1;1;-1;-1;1;-1;1;-1;1;-1;-1;-1;1;-1;1;-1;1;1;-1;-1;1;-1;1;-1;1;-1;-1;-1;1;-1;1;-1;1;1;-1;-1;1;-1;1;-1;1;-1;-1;-1;1;-1;1;-1;1;1;-1;-1;1;-1;1;-1;1;-1;-1;-1;1;-1;1;-1;1;1;-1;-1;1;-1;1;-1;1
7,precision_2_timepoints_14_ising.coo,112,25,1024,500,false,1.5966213849599997,0.0,-94.0,-94.0,1.0,1;-1;-1;1;-1;1;-1;1;-1;-1;-1;1;-1;1;-1;1;1;-1;-1;1;-1;1;-1;1;-1;-1;-1;1;-1;1;-1;1;1;-1;-1;1;-1;1;-1;1;-1;-1;-1;1;-1;1;-1;1;1;-1;-1;1;-1;1;-1;1;-1;-1;-1;1;-1;1;-1;1;1;-1;-1;1;-1;1;-1;1;-1;-1;-1;1;-1;1;-1;1;1;-1;-1;1;-1;1;-1;1;-1;-1;-1;1;-1;1;-1;1;1;-1;-1;1;-1;1;-1;1;-1;-1;-1;1;-1;1;-1;1
7,precision_2_timepoints_2_ising.coo,16,25,1024,600,false,0.14408941544000003,0.0,-10.0,-10.0,1.0,1;-1;-1;1;-1;1;-1;1;-1;-1;-1;1;-1;1;-1;1
7,precision_2_timepoints_3_ising.coo,24,25,1024,600,false,0.2505403964,-2.089831575765001e-14,-17.0,-16.999999999999996,1.0,1;-1;-1;1;-1;1;-1;1;-1;-1;-1;1;-1;1;-1;1;1;-1;-1;1;-1;1;-1;1
7,precision_2_timepoints_4_ising.coo,32,25,1024,600,false,0.5750277330000001,0.0,-24.0,-24.0,1.0,1;-1;-1;1;-1;1;-1;1;-1;-1;-1;1;-1;1;-1;1;1;-1;-1;1;-1;1;-1;1;-1;-1;-1;1;-1;1;-1;1
7,precision_2_timepoints_5_ising.coo,40,25,1024,600,false,0.6108217048,-1.146036670580807e-14,-31.0,-30.999999999999996,1.0,1;-1;-1;1;-1;1;-1;1;-1;-1;-1;1;-1;1;-1;1;1;-1;-1;1;-1;1;-1;1;-1;-1;-1;1;-1;1;-1;1;1;-1;-1;1;-1;1;-1;1
7,precision_2_timepoints_6_ising.coo,48,25,1024,600,false,0.7954030264,0.0,-38.0,-38.0,1.0,1;-1;-1;1;-1;1;-1;1;-1;-1;-1;1;-1;1;-1;1;1;-1;-1;1;-1;1;-1;1;-1;-1;-1;1;-1;1;-1;1;1;-1;-1;1;-1;1;-1;1;-1;-1;-1;1;-1;1;-1;1
7,precision_2_timepoints_7_ising.coo,56,25,1024,600,false,0.8806864782000001,0.0,-45.0,-45.0,1.0,1;-1;-1;1;-1;1;-1;1;-1;-1;-1;1;-1;1;-1;1;1;-1;-1;1;-1;1;-1;1;-1;-1;-1;1;-1;1;-1;1;1;-1;-1;1;-1;1;-1;1;-1;-1;-1;1;-1;1;-1;1;1;-1;-1;1;-1;1;-1;1
7,precision_2_timepoints_8_ising.coo,64,25,1024,600,false,1.2357240621599999,0.0,-52.0,-52.0,1.0,1;-1;-1;1;-1;1;-1;1;-1;-1;-1;1;-1;1;-1;1;1;-1;-1;1;-1;1;-1;1;-1;-1;-1;1;-1;1;-1;1;1;-1;-1;1;-1;1;-1;1;-1;-1;-1;1;-1;1;-1;1;1;-1;-1;1;-1;1;-1;1;-1;-1;-1;1;-1;1;-1;1
7,precision_2_timepoints_9_ising.coo,72,25,1024,600,false,1.15013897272,-1.2043097216272887e-14,-59.0,-58.99999999999999,1.0,1;-1;-1;1;-1;1;-1;1;-1;-1;-1;1;-1;1;-1;1;1;-1;-1;1;-1;1;-1;1;-1;-1;-1;1;-1;1;-1;1;1;-1;-1;1;-1;1;-1;1;-1;-1;-1;1;-1;1;-1;1;1;-1;-1;1;-1;1;-1;1;-1;-1;-1;1;-1;1;-1;1;1;-1;-1;1;-1;1;-1;1
7,precision_2_timepoints_10_ising.coo,80,25,1024,600,false,1.4742992063600002,0.0,-66.0,-66.0,1.0,1;-1;-1;1;-1;1;-1;1;-1;-1;-1;1;-1;1;-1;1;1;-1;-1;1;-1;1;-1;1;-1;-1;-1;1;-1;1;-1;1;1;-1;-1;1;-1;1;-1;1;-1;-1;-1;1;-1;1;-1;1;1;-1;-1;1;-1;1;-1;1;-1;-1;-1;1;-1;1;-1;1;1;-1;-1;1;-1;1;-1;1;-1;-1;-1;1;-1;1;-1;1
7,precision_2_timepoints_11_ising.coo,88,25,1024,600,false,1.42265817848,0.0,-73.0,-73.0,1.0,1;-1;-1;1;-1;1;-1;1;-1;-1;-1;1;-1;1;-1;1;1;-1;-1;1;-1;1;-1;1;-1;-1;-1;1;-1;1;-1;1;1;-1;-1;1;-1;1;-1;1;-1;-1;-1;1;-1;1;-1;1;1;-1;-1;1;-1;1;-1;1;-1;-1;-1;1;-1;1;-1;1;1;-1;-1;1;-1;1;-1;1;-1;-1;-1;1;-1;1;-1;1;1;-1;-1;1;-1;1;-1;1
7,precision_2_timepoints_12_ising.coo,96,25,1024,600,false,2.07557964928,0.0,-80.0,-80.0,1.0,1;-1;-1;1;-1;1;-1;1;-1;-1;-1;1;-1;1;-1;1;1;-1;-1;1;-1;1;-1;1;-1;-1;-1;1;-1;1;-1;1;1;-1;-1;1;-1;1;-1;1;-1;-1;-1;1;-1;1;-1;1;1;-1;-1;1;-1;1;-1;1;-1;-1;-1;1;-1;1;-1;1;1;-1;-1;1;-1;1;-1;1;-1;-1;-1;1;-1;1;-1;1;1;-1;-1;1;-1;1;-1;1;-1;-1;-1;1;-1;1;-1;1
7,precision_2_timepoints_13_ising.coo,104,25,1024,600,false,1.6997451594799997,0.0,-87.0,-87.0,1.0,1;-1;-1;1;-1;1;-1;1;-1;-1;-1;1;-1;1;-1;1;1;-1;-1;1;-1;1;-1;1;-1;-1;-1;1;-1;1;-1;1;1;-1;-1;1;-1;1;-1;1;-1;-1;-1;1;-1;1;-1;1;1;-1;-1;1;-1;1;-1;1;-1;-1;-1;1;-1;1;-1;1;1;-1;-1;1;-1;1;-1;1;-1;-1;-1;1;-1;1;-1;1;1;-1;-1;1;-1;1;-1;1;-1;-1;-1;1;-1;1;-1;1;1;-1;-1;1;-1;1;-1;1
7,precision_2_timepoints_14_ising.coo,112,25,1024,600,false,1.9158640803199996,0.0,-94.0,-94.0,1.0,1;-1;-1;1;-1;1;-1;1;-1;-1;-1;1;-1;1;-1;1;1;-1;-1;1;-1;1;-1;1;-1;-1;-1;1;-1;1;-1;1;1;-1;-1;1;-1;1;-1;1;-1;-1;-1;1;-1;1;-1;1;1;-1;-1;1;-1;1;-1;1;-1;-1;-1;1;-1;1;-1;1;1;-1;-1;1;-1;1;-1;1;-1;-1;-1;1;-1;1;-1;1;1;-1;-1;1;-1;1;-1;1;-1;-1;-1;1;-1;1;-1;1;1;-1;-1;1;-1;1;-1;1;-1;-1;-1;1;-1;1;-1;1
7,precision_2_timepoints_2_ising.coo,16,25,1024,700,false,0.16800872115999999,0.0,-10.0,-10.0,1.0,1;-1;-1;1;-1;1;-1;1;-1;-1;-1;1;-1;1;-1;1
7,precision_2_timepoints_3_ising.coo,24,25,1024,700,false,0.28318866328000003,-2.089831575765001e-14,-17.0,-16.999999999999996,1.0,1;-1;-1;1;-1;1;-1;1;-1;-1;-1;1;-1;1;-1;1;1;-1;-1;1;-1;1;-1;1
7,precision_2_timepoints_4_ising.coo,32,25,1024,700,false,0.6711267474,0.0,-24.0,-24.0,1.0,1;-1;-1;1;-1;1;-1;1;-1;-1;-1;1;-1;1;-1;1;1;-1;-1;1;-1;1;-1;1;-1;-1;-1;1;-1;1;-1;1
7,precision_2_timepoints_5_ising.coo,40,25,1024,700,false,0.7115171190000001,-1.146036670580807e-14,-31.0,-30.999999999999996,1.0,1;-1;-1;1;-1;1;-1;1;-1;-1;-1;1;-1;1;-1;1;1;-1;-1;1;-1;1;-1;1;-1;-1;-1;1;-1;1;-1;1;1;-1;-1;1;-1;1;-1;1
7,precision_2_timepoints_6_ising.coo,48,25,1024,700,false,0.9274607332400002,0.0,-38.0,-38.0,1.0,1;-1;-1;1;-1;1;-1;1;-1;-1;-1;1;-1;1;-1;1;1;-1;-1;1;-1;1;-1;1;-1;-1;-1;1;-1;1;-1;1;1;-1;-1;1;-1;1;-1;1;-1;-1;-1;1;-1;1;-1;1
7,precision_2_timepoints_7_ising.coo,56,25,1024,700,false,1.0271987564400002,0.0,-45.0,-45.0,1.0,1;-1;-1;1;-1;1;-1;1;-1;-1;-1;1;-1;1;-1;1;1;-1;-1;1;-1;1;-1;1;-1;-1;-1;1;-1;1;-1;1;1;-1;-1;1;-1;1;-1;1;-1;-1;-1;1;-1;1;-1;1;1;-1;-1;1;-1;1;-1;1
7,precision_2_timepoints_8_ising.coo,64,25,1024,700,false,1.44518302616,0.0,-52.0,-52.0,1.0,1;-1;-1;1;-1;1;-1;1;-1;-1;-1;1;-1;1;-1;1;1;-1;-1;1;-1;1;-1;1;-1;-1;-1;1;-1;1;-1;1;1;-1;-1;1;-1;1;-1;1;-1;-1;-1;1;-1;1;-1;1;1;-1;-1;1;-1;1;-1;1;-1;-1;-1;1;-1;1;-1;1
7,precision_2_timepoints_9_ising.coo,72,25,1024,700,false,1.3400668930800002,-1.2043097216272887e-14,-59.0,-58.99999999999999,1.0,1;-1;-1;1;-1;1;-1;1;-1;-1;-1;1;-1;1;-1;1;1;-1;-1;1;-1;1;-1;1;-1;-1;-1;1;-1;1;-1;1;1;-1;-1;1;-1;1;-1;1;-1;-1;-1;1;-1;1;-1;1;1;-1;-1;1;-1;1;-1;1;-1;-1;-1;1;-1;1;-1;1;1;-1;-1;1;-1;1;-1;1
7,precision_2_timepoints_10_ising.coo,80,25,1024,700,false,1.72049411016,0.0,-66.0,-66.0,1.0,1;-1;-1;1;-1;1;-1;1;-1;-1;-1;1;-1;1;-1;1;1;-1;-1;1;-1;1;-1;1;-1;-1;-1;1;-1;1;-1;1;1;-1;-1;1;-1;1;-1;1;-1;-1;-1;1;-1;1;-1;1;1;-1;-1;1;-1;1;-1;1;-1;-1;-1;1;-1;1;-1;1;1;-1;-1;1;-1;1;-1;1;-1;-1;-1;1;-1;1;-1;1
7,precision_2_timepoints_11_ising.coo,88,25,1024,700,false,1.6585486664400002,0.0,-73.0,-73.0,1.0,1;-1;-1;1;-1;1;-1;1;-1;-1;-1;1;-1;1;-1;1;1;-1;-1;1;-1;1;-1;1;-1;-1;-1;1;-1;1;-1;1;1;-1;-1;1;-1;1;-1;1;-1;-1;-1;1;-1;1;-1;1;1;-1;-1;1;-1;1;-1;1;-1;-1;-1;1;-1;1;-1;1;1;-1;-1;1;-1;1;-1;1;-1;-1;-1;1;-1;1;-1;1;1;-1;-1;1;-1;1;-1;1
7,precision_2_timepoints_12_ising.coo,96,25,1024,700,false,2.4218944804399998,0.0,-80.0,-80.0,1.0,1;-1;-1;1;-1;1;-1;1;-1;-1;-1;1;-1;1;-1;1;1;-1;-1;1;-1;1;-1;1;-1;-1;-1;1;-1;1;-1;1;1;-1;-1;1;-1;1;-1;1;-1;-1;-1;1;-1;1;-1;1;1;-1;-1;1;-1;1;-1;1;-1;-1;-1;1;-1;1;-1;1;1;-1;-1;1;-1;1;-1;1;-1;-1;-1;1;-1;1;-1;1;1;-1;-1;1;-1;1;-1;1;-1;-1;-1;1;-1;1;-1;1
7,precision_2_timepoints_13_ising.coo,104,25,1024,700,false,1.9826376039200002,0.0,-87.0,-87.0,1.0,1;-1;-1;1;-1;1;-1;1;-1;-1;-1;1;-1;1;-1;1;1;-1;-1;1;-1;1;-1;1;-1;-1;-1;1;-1;1;-1;1;1;-1;-1;1;-1;1;-1;1;-1;-1;-1;1;-1;1;-1;1;1;-1;-1;1;-1;1;-1;1;-1;-1;-1;1;-1;1;-1;1;1;-1;-1;1;-1;1;-1;1;-1;-1;-1;1;-1;1;-1;1;1;-1;-1;1;-1;1;-1;1;-1;-1;-1;1;-1;1;-1;1;1;-1;-1;1;-1;1;-1;1
7,precision_2_timepoints_14_ising.coo,112,25,1024,700,false,2.2317921634399998,0.0,-94.0,-94.0,1.0,1;-1;-1;1;-1;1;-1;1;-1;-1;-1;1;-1;1;-1;1;1;-1;-1;1;-1;1;-1;1;-1;-1;-1;1;-1;1;-1;1;1;-1;-1;1;-1;1;-1;1;-1;-1;-1;1;-1;1;-1;1;1;-1;-1;1;-1;1;-1;1;-1;-1;-1;1;-1;1;-1;1;1;-1;-1;1;-1;1;-1;1;-1;-1;-1;1;-1;1;-1;1;1;-1;-1;1;-1;1;-1;1;-1;-1;-1;1;-1;1;-1;1;1;-1;-1;1;-1;1;-1;1;-1;-1;-1;1;-1;1;-1;1
7,precision_2_timepoints_2_ising.coo,16,25,1024,800,false,0.19192246796000004,0.0,-10.0,-10.0,1.0,1;-1;-1;1;-1;1;-1;1;-1;-1;-1;1;-1;1;-1;1
7,precision_2_timepoints_3_ising.coo,24,25,1024,800,false,0.3287122872399999,-2.089831575765001e-14,-17.0,-16.999999999999996,1.0,1;-1;-1;1;-1;1;-1;1;-1;-1;-1;1;-1;1;-1;1;1;-1;-1;1;-1;1;-1;1
7,precision_2_timepoints_4_ising.coo,32,25,1024,800,false,0.7671459810800001,0.0,-24.0,-24.0,1.0,1;-1;-1;1;-1;1;-1;1;-1;-1;-1;1;-1;1;-1;1;1;-1;-1;1;-1;1;-1;1;-1;-1;-1;1;-1;1;-1;1
7,precision_2_timepoints_5_ising.coo,40,25,1024,800,false,0.8134705581600002,-1.146036670580807e-14,-31.0,-30.999999999999996,1.0,1;-1;-1;1;-1;1;-1;1;-1;-1;-1;1;-1;1;-1;1;1;-1;-1;1;-1;1;-1;1;-1;-1;-1;1;-1;1;-1;1;1;-1;-1;1;-1;1;-1;1
7,precision_2_timepoints_6_ising.coo,48,25,1024,800,false,1.06042200928,0.0,-38.0,-38.0,1.0,1;-1;-1;1;-1;1;-1;1;-1;-1;-1;1;-1;1;-1;1;1;-1;-1;1;-1;1;-1;1;-1;-1;-1;1;-1;1;-1;1;1;-1;-1;1;-1;1;-1;1;-1;-1;-1;1;-1;1;-1;1
7,precision_2_timepoints_7_ising.coo,56,25,1024,800,false,1.1737098103199999,0.0,-45.0,-45.0,1.0,1;-1;-1;1;-1;1;-1;1;-1;-1;-1;1;-1;1;-1;1;1;-1;-1;1;-1;1;-1;1;-1;-1;-1;1;-1;1;-1;1;1;-1;-1;1;-1;1;-1;1;-1;-1;-1;1;-1;1;-1;1;1;-1;-1;1;-1;1;-1;1
7,precision_2_timepoints_8_ising.coo,64,25,1024,800,false,1.6526883336399998,0.0,-52.0,-52.0,1.0,1;-1;-1;1;-1;1;-1;1;-1;-1;-1;1;-1;1;-1;1;1;-1;-1;1;-1;1;-1;1;-1;-1;-1;1;-1;1;-1;1;1;-1;-1;1;-1;1;-1;1;-1;-1;-1;1;-1;1;-1;1;1;-1;-1;1;-1;1;-1;1;-1;-1;-1;1;-1;1;-1;1
7,precision_2_timepoints_9_ising.coo,72,25,1024,800,false,1.5318302774400003,-1.2043097216272887e-14,-59.0,-58.99999999999999,1.0,1;-1;-1;1;-1;1;-1;1;-1;-1;-1;1;-1;1;-1;1;1;-1;-1;1;-1;1;-1;1;-1;-1;-1;1;-1;1;-1;1;1;-1;-1;1;-1;1;-1;1;-1;-1;-1;1;-1;1;-1;1;1;-1;-1;1;-1;1;-1;1;-1;-1;-1;1;-1;1;-1;1;1;-1;-1;1;-1;1;-1;1
7,precision_2_timepoints_10_ising.coo,80,25,1024,800,false,1.9638387718400006,0.0,-66.0,-66.0,1.0,1;-1;-1;1;-1;1;-1;1;-1;-1;-1;1;-1;1;-1;1;1;-1;-1;1;-1;1;-1;1;-1;-1;-1;1;-1;1;-1;1;1;-1;-1;1;-1;1;-1;1;-1;-1;-1;1;-1;1;-1;1;1;-1;-1;1;-1;1;-1;1;-1;-1;-1;1;-1;1;-1;1;1;-1;-1;1;-1;1;-1;1;-1;-1;-1;1;-1;1;-1;1
7,precision_2_timepoints_11_ising.coo,88,25,1024,800,false,1.8944197742799997,0.0,-73.0,-73.0,1.0,1;-1;-1;1;-1;1;-1;1;-1;-1;-1;1;-1;1;-1;1;1;-1;-1;1;-1;1;-1;1;-1;-1;-1;1;-1;1;-1;1;1;-1;-1;1;-1;1;-1;1;-1;-1;-1;1;-1;1;-1;1;1;-1;-1;1;-1;1;-1;1;-1;-1;-1;1;-1;1;-1;1;1;-1;-1;1;-1;1;-1;1;-1;-1;-1;1;-1;1;-1;1;1;-1;-1;1;-1;1;-1;1
7,precision_2_timepoints_12_ising.coo,96,25,1024,800,false,2.7671297089199998,0.0,-80.0,-80.0,1.0,1;-1;-1;1;-1;1;-1;1;-1;-1;-1;1;-1;1;-1;1;1;-1;-1;1;-1;1;-1;1;-1;-1;-1;1;-1;1;-1;1;1;-1;-1;1;-1;1;-1;1;-1;-1;-1;1;-1;1;-1;1;1;-1;-1;1;-1;1;-1;1;-1;-1;-1;1;-1;1;-1;1;1;-1;-1;1;-1;1;-1;1;-1;-1;-1;1;-1;1;-1;1;1;-1;-1;1;-1;1;-1;1;-1;-1;-1;1;-1;1;-1;1
7,precision_2_timepoints_13_ising.coo,104,25,1024,800,false,2.26467763404,0.0,-87.0,-87.0,1.0,1;-1;-1;1;-1;1;-1;1;-1;-1;-1;1;-1;1;-1;1;1;-1;-1;1;-1;1;-1;1;-1;-1;-1;1;-1;1;-1;1;1;-1;-1;1;-1;1;-1;1;-1;-1;-1;1;-1;1;-1;1;1;-1;-1;1;-1;1;-1;1;-1;-1;-1;1;-1;1;-1;1;1;-1;-1;1;-1;1;-1;1;-1;-1;-1;1;-1;1;-1;1;1;-1;-1;1;-1;1;-1;1;-1;-1;-1;1;-1;1;-1;1;1;-1;-1;1;-1;1;-1;1
7,precision_2_timepoints_14_ising.coo,112,25,1024,800,false,2.5499310751199995,0.0,-94.0,-94.0,1.0,1;-1;-1;1;-1;1;-1;1;-1;-1;-1;1;-1;1;-1;1;1;-1;-1;1;-1;1;-1;1;-1;-1;-1;1;-1;1;-1;1;1;-1;-1;1;-1;1;-1;1;-1;-1;-1;1;-1;1;-1;1;1;-1;-1;1;-1;1;-1;1;-1;-1;-1;1;-1;1;-1;1;1;-1;-1;1;-1;1;-1;1;-1;-1;-1;1;-1;1;-1;1;1;-1;-1;1;-1;1;-1;1;-1;-1;-1;1;-1;1;-1;1;1;-1;-1;1;-1;1;-1;1;-1;-1;-1;1;-1;1;-1;1
7,precision_2_timepoints_2_ising.coo,16,25,1024,900,false,0.21586711383999999,0.0,-10.0,-10.0,1.0,1;-1;-1;1;-1;1;-1;1;-1;-1;-1;1;-1;1;-1;1
7,precision_2_timepoints_3_ising.coo,24,25,1024,900,false,0.36954864228,-2.089831575765001e-14,-17.0,-16.999999999999996,1.0,1;-1;-1;1;-1;1;-1;1;-1;-1;-1;1;-1;1;-1;1;1;-1;-1;1;-1;1;-1;1
7,precision_2_timepoints_4_ising.coo,32,25,1024,900,false,0.86342481212,0.0,-24.0,-24.0,1.0,1;-1;-1;1;-1;1;-1;1;-1;-1;-1;1;-1;1;-1;1;1;-1;-1;1;-1;1;-1;1;-1;-1;-1;1;-1;1;-1;1
7,precision_2_timepoints_5_ising.coo,40,25,1024,900,false,0.91404031148,-1.146036670580807e-14,-31.0,-30.999999999999996,1.0,1;-1;-1;1;-1;1;-1;1;-1;-1;-1;1;-1;1;-1;1;1;-1;-1;1;-1;1;-1;1;-1;-1;-1;1;-1;1;-1;1;1;-1;-1;1;-1;1;-1;1
7,precision_2_timepoints_6_ising.coo,48,25,1024,900,false,1.1926775789199997,0.0,-38.0,-38.0,1.0,1;-1;-1;1;-1;1;-1;1;-1;-1;-1;1;-1;1;-1;1;1;-1;-1;1;-1;1;-1;1;-1;-1;-1;1;-1;1;-1;1;1;-1;-1;1;-1;1;-1;1;-1;-1;-1;1;-1;1;-1;1
7,precision_2_timepoints_7_ising.coo,56,25,1024,900,false,1.3196604846800002,0.0,-45.0,-45.0,1.0,1;-1;-1;1;-1;1;-1;1;-1;-1;-1;1;-1;1;-1;1;1;-1;-1;1;-1;1;-1;1;-1;-1;-1;1;-1;1;-1;1;1;-1;-1;1;-1;1;-1;1;-1;-1;-1;1;-1;1;-1;1;1;-1;-1;1;-1;1;-1;1
7,precision_2_timepoints_8_ising.coo,64,25,1024,900,false,1.8575981317199999,0.0,-52.0,-52.0,1.0,1;-1;-1;1;-1;1;-1;1;-1;-1;-1;1;-1;1;-1;1;1;-1;-1;1;-1;1;-1;1;-1;-1;-1;1;-1;1;-1;1;1;-1;-1;1;-1;1;-1;1;-1;-1;-1;1;-1;1;-1;1;1;-1;-1;1;-1;1;-1;1;-1;-1;-1;1;-1;1;-1;1
7,precision_2_timepoints_9_ising.coo,72,25,1024,900,false,1.7230515074399997,-1.2043097216272887e-14,-59.0,-58.99999999999999,1.0,1;-1;-1;1;-1;1;-1;1;-1;-1;-1;1;-1;1;-1;1;1;-1;-1;1;-1;1;-1;1;-1;-1;-1;1;-1;1;-1;1;1;-1;-1;1;-1;1;-1;1;-1;-1;-1;1;-1;1;-1;1;1;-1;-1;1;-1;1;-1;1;-1;-1;-1;1;-1;1;-1;1;1;-1;-1;1;-1;1;-1;1
7,precision_2_timepoints_10_ising.coo,80,25,1024,900,false,2.2062550399999994,0.0,-66.0,-66.0,1.0,1;-1;-1;1;-1;1;-1;1;-1;-1;-1;1;-1;1;-1;1;1;-1;-1;1;-1;1;-1;1;-1;-1;-1;1;-1;1;-1;1;1;-1;-1;1;-1;1;-1;1;-1;-1;-1;1;-1;1;-1;1;1;-1;-1;1;-1;1;-1;1;-1;-1;-1;1;-1;1;-1;1;1;-1;-1;1;-1;1;-1;1;-1;-1;-1;1;-1;1;-1;1
7,precision_2_timepoints_11_ising.coo,88,25,1024,900,false,2.1308415850799998,0.0,-73.0,-73.0,1.0,1;-1;-1;1;-1;1;-1;1;-1;-1;-1;1;-1;1;-1;1;1;-1;-1;1;-1;1;-1;1;-1;-1;-1;1;-1;1;-1;1;1;-1;-1;1;-1;1;-1;1;-1;-1;-1;1;-1;1;-1;1;1;-1;-1;1;-1;1;-1;1;-1;-1;-1;1;-1;1;-1;1;1;-1;-1;1;-1;1;-1;1;-1;-1;-1;1;-1;1;-1;1;1;-1;-1;1;-1;1;-1;1
7,precision_2_timepoints_12_ising.coo,96,25,1024,900,false,3.1080753618399997,0.0,-80.0,-80.0,1.0,1;-1;-1;1;-1;1;-1;1;-1;-1;-1;1;-1;1;-1;1;1;-1;-1;1;-1;1;-1;1;-1;-1;-1;1;-1;1;-1;1;1;-1;-1;1;-1;1;-1;1;-1;-1;-1;1;-1;1;-1;1;1;-1;-1;1;-1;1;-1;1;-1;-1;-1;1;-1;1;-1;1;1;-1;-1;1;-1;1;-1;1;-1;-1;-1;1;-1;1;-1;1;1;-1;-1;1;-1;1;-1;1;-1;-1;-1;1;-1;1;-1;1
7,precision_2_timepoints_13_ising.coo,104,25,1024,900,false,2.5474433075999996,0.0,-87.0,-87.0,1.0,1;-1;-1;1;-1;1;-1;1;-1;-1;-1;1;-1;1;-1;1;1;-1;-1;1;-1;1;-1;1;-1;-1;-1;1;-1;1;-1;1;1;-1;-1;1;-1;1;-1;1;-1;-1;-1;1;-1;1;-1;1;1;-1;-1;1;-1;1;-1;1;-1;-1;-1;1;-1;1;-1;1;1;-1;-1;1;-1;1;-1;1;-1;-1;-1;1;-1;1;-1;1;1;-1;-1;1;-1;1;-1;1;-1;-1;-1;1;-1;1;-1;1;1;-1;-1;1;-1;1;-1;1
7,precision_2_timepoints_14_ising.coo,112,25,1024,900,false,2.8680623193599994,0.0,-94.0,-94.0,1.0,1;-1;-1;1;-1;1;-1;1;-1;-1;-1;1;-1;1;-1;1;1;-1;-1;1;-1;1;-1;1;-1;-1;-1;1;-1;1;-1;1;1;-1;-1;1;-1;1;-1;1;-1;-1;-1;1;-1;1;-1;1;1;-1;-1;1;-1;1;-1;1;-1;-1;-1;1;-1;1;-1;1;1;-1;-1;1;-1;1;-1;1;-1;-1;-1;1;-1;1;-1;1;1;-1;-1;1;-1;1;-1;1;-1;-1;-1;1;-1;1;-1;1;1;-1;-1;1;-1;1;-1;1;-1;-1;-1;1;-1;1;-1;1
7,precision_2_timepoints_2_ising.coo,16,25,1024,1000,false,0.23977965432,0.0,-10.0,-10.0,1.0,1;-1;-1;1;-1;1;-1;1;-1;-1;-1;1;-1;1;-1;1
7,precision_2_timepoints_3_ising.coo,24,25,1024,1000,false,0.41226457668,-2.089831575765001e-14,-17.0,-16.999999999999996,1.0,1;-1;-1;1;-1;1;-1;1;-1;-1;-1;1;-1;1;-1;1;1;-1;-1;1;-1;1;-1;1
7,precision_2_timepoints_4_ising.coo,32,25,1024,1000,false,0.95896412512,0.0,-24.0,-24.0,1.0,1;-1;-1;1;-1;1;-1;1;-1;-1;-1;1;-1;1;-1;1;1;-1;-1;1;-1;1;-1;1;-1;-1;-1;1;-1;1;-1;1
7,precision_2_timepoints_5_ising.coo,40,25,1024,1000,false,1.0155355604,-1.146036670580807e-14,-31.0,-30.999999999999996,1.0,1;-1;-1;1;-1;1;-1;1;-1;-1;-1;1;-1;1;-1;1;1;-1;-1;1;-1;1;-1;1;-1;-1;-1;1;-1;1;-1;1;1;-1;-1;1;-1;1;-1;1
7,precision_2_timepoints_6_ising.coo,48,25,1024,1000,false,1.3246872858000003,0.0,-38.0,-38.0,1.0,1;-1;-1;1;-1;1;-1;1;-1;-1;-1;1;-1;1;-1;1;1;-1;-1;1;-1;1;-1;1;-1;-1;-1;1;-1;1;-1;1;1;-1;-1;1;-1;1;-1;1;-1;-1;-1;1;-1;1;-1;1
7,precision_2_timepoints_7_ising.coo,56,25,1024,1000,false,1.46572542444,0.0,-45.0,-45.0,1.0,1;-1;-1;1;-1;1;-1;1;-1;-1;-1;1;-1;1;-1;1;1;-1;-1;1;-1;1;-1;1;-1;-1;-1;1;-1;1;-1;1;1;-1;-1;1;-1;1;-1;1;-1;-1;-1;1;-1;1;-1;1;1;-1;-1;1;-1;1;-1;1
7,precision_2_timepoints_8_ising.coo,64,25,1024,1000,false,2.0611393722399995,0.0,-52.0,-52.0,1.0,1;-1;-1;1;-1;1;-1;1;-1;-1;-1;1;-1;1;-1;1;1;-1;-1;1;-1;1;-1;1;-1;-1;-1;1;-1;1;-1;1;1;-1;-1;1;-1;1;-1;1;-1;-1;-1;1;-1;1;-1;1;1;-1;-1;1;-1;1;-1;1;-1;-1;-1;1;-1;1;-1;1
7,precision_2_timepoints_9_ising.coo,72,25,1024,1000,false,1.9144161239600004,-1.2043097216272887e-14,-59.0,-58.99999999999999,1.0,1;-1;-1;1;-1;1;-1;1;-1;-1;-1;1;-1;1;-1;1;1;-1;-1;1;-1;1;-1;1;-1;-1;-1;1;-1;1;-1;1;1;-1;-1;1;-1;1;-1;1;-1;-1;-1;1;-1;1;-1;1;1;-1;-1;1;-1;1;-1;1;-1;-1;-1;1;-1;1;-1;1;1;-1;-1;1;-1;1;-1;1
7,precision_2_timepoints_10_ising.coo,80,25,1024,1000,false,2.45406715092,0.0,-66.0,-66.0,1.0,1;-1;-1;1;-1;1;-1;1;-1;-1;-1;1;-1;1;-1;1;1;-1;-1;1;-1;1;-1;1;-1;-1;-1;1;-1;1;-1;1;1;-1;-1;1;-1;1;-1;1;-1;-1;-1;1;-1;1;-1;1;1;-1;-1;1;-1;1;-1;1;-1;-1;-1;1;-1;1;-1;1;1;-1;-1;1;-1;1;-1;1;-1;-1;-1;1;-1;1;-1;1
7,precision_2_timepoints_11_ising.coo,88,25,1024,1000,false,2.3672021260399996,0.0,-73.0,-73.0,1.0,1;-1;-1;1;-1;1;-1;1;-1;-1;-1;1;-1;1;-1;1;1;-1;-1;1;-1;1;-1;1;-1;-1;-1;1;-1;1;-1;1;1;-1;-1;1;-1;1;-1;1;-1;-1;-1;1;-1;1;-1;1;1;-1;-1;1;-1;1;-1;1;-1;-1;-1;1;-1;1;-1;1;1;-1;-1;1;-1;1;-1;1;-1;-1;-1;1;-1;1;-1;1;1;-1;-1;1;-1;1;-1;1
7,precision_2_timepoints_12_ising.coo,96,25,1024,1000,false,3.4591192308400007,0.0,-80.0,-80.0,1.0,1;-1;-1;1;-1;1;-1;1;-1;-1;-1;1;-1;1;-1;1;1;-1;-1;1;-1;1;-1;1;-1;-1;-1;1;-1;1;-1;1;1;-1;-1;1;-1;1;-1;1;-1;-1;-1;1;-1;1;-1;1;1;-1;-1;1;-1;1;-1;1;-1;-1;-1;1;-1;1;-1;1;1;-1;-1;1;-1;1;-1;1;-1;-1;-1;1;-1;1;-1;1;1;-1;-1;1;-1;1;-1;1;-1;-1;-1;1;-1;1;-1;1
7,precision_2_timepoints_13_ising.coo,104,25,1024,1000,false,2.8306250732400002,0.0,-87.0,-87.0,1.0,1;-1;-1;1;-1;1;-1;1;-1;-1;-1;1;-1;1;-1;1;1;-1;-1;1;-1;1;-1;1;-1;-1;-1;1;-1;1;-1;1;1;-1;-1;1;-1;1;-1;1;-1;-1;-1;1;-1;1;-1;1;1;-1;-1;1;-1;1;-1;1;-1;-1;-1;1;-1;1;-1;1;1;-1;-1;1;-1;1;-1;1;-1;-1;-1;1;-1;1;-1;1;1;-1;-1;1;-1;1;-1;1;-1;-1;-1;1;-1;1;-1;1;1;-1;-1;1;-1;1;-1;1
7,precision_2_timepoints_14_ising.coo,112,25,1024,1000,false,3.1840986887200002,0.0,-94.0,-94.0,1.0,1;-1;-1;1;-1;1;-1;1;-1;-1;-1;1;-1;1;-1;1;1;-1;-1;1;-1;1;-1;1;-1;-1;-1;1;-1;1;-1;1;1;-1;-1;1;-1;1;-1;1;-1;-1;-1;1;-1;1;-1;1;1;-1;-1;1;-1;1;-1;1;-1;-1;-1;1;-1;1;-1;1;1;-1;-1;1;-1;1;-1;1;-1;-1;-1;1;-1;1;-1;1;1;-1;-1;1;-1;1;-1;1;-1;-1;-1;1;-1;1;-1;1;1;-1;-1;1;-1;1;-1;1;-1;-1;-1;1;-1;1;-1;1
7,precision_2_timepoints_2_ising.coo,16,25,1024,2000,false,0.4789713496000001,0.0,-10.0,-10.0,1.0,1;-1;-1;1;-1;1;-1;1;-1;-1;-1;1;-1;1;-1;1
7,precision_2_timepoints_3_ising.coo,24,25,1024,2000,false,0.8266298204799999,-2.089831575765001e-14,-17.0,-16.999999999999996,1.0,1;-1;-1;1;-1;1;-1;1;-1;-1;-1;1;-1;1;-1;1;1;-1;-1;1;-1;1;-1;1
7,precision_2_timepoints_4_ising.coo,32,25,1024,2000,false,1.9201631561600003,0.0,-24.0,-24.0,1.0,1;-1;-1;1;-1;1;-1;1;-1;-1;-1;1;-1;1;-1;1;1;-1;-1;1;-1;1;-1;1;-1;-1;-1;1;-1;1;-1;1
7,precision_2_timepoints_5_ising.coo,40,25,1024,2000,false,2.03004931032,-1.146036670580807e-14,-31.0,-30.999999999999996,1.0,1;-1;-1;1;-1;1;-1;1;-1;-1;-1;1;-1;1;-1;1;1;-1;-1;1;-1;1;-1;1;-1;-1;-1;1;-1;1;-1;1;1;-1;-1;1;-1;1;-1;1
7,precision_2_timepoints_6_ising.coo,48,25,1024,2000,false,2.6466769010800006,0.0,-38.0,-38.0,1.0,1;-1;-1;1;-1;1;-1;1;-1;-1;-1;1;-1;1;-1;1;1;-1;-1;1;-1;1;-1;1;-1;-1;-1;1;-1;1;-1;1;1;-1;-1;1;-1;1;-1;1;-1;-1;-1;1;-1;1;-1;1
7,precision_2_timepoints_7_ising.coo,56,25,1024,2000,false,2.92650388128,0.0,-45.0,-45.0,1.0,1;-1;-1;1;-1;1;-1;1;-1;-1;-1;1;-1;1;-1;1;1;-1;-1;1;-1;1;-1;1;-1;-1;-1;1;-1;1;-1;1;1;-1;-1;1;-1;1;-1;1;-1;-1;-1;1;-1;1;-1;1;1;-1;-1;1;-1;1;-1;1
7,precision_2_timepoints_8_ising.coo,64,25,1024,2000,false,4.12062252536,0.0,-52.0,-52.0,1.0,1;-1;-1;1;-1;1;-1;1;-1;-1;-1;1;-1;1;-1;1;1;-1;-1;1;-1;1;-1;1;-1;-1;-1;1;-1;1;-1;1;1;-1;-1;1;-1;1;-1;1;-1;-1;-1;1;-1;1;-1;1;1;-1;-1;1;-1;1;-1;1;-1;-1;-1;1;-1;1;-1;1
7,precision_2_timepoints_9_ising.coo,72,25,1024,2000,false,3.82400908356,-1.2043097216272887e-14,-59.0,-58.99999999999999,1.0,1;-1;-1;1;-1;1;-1;1;-1;-1;-1;1;-1;1;-1;1;1;-1;-1;1;-1;1;-1;1;-1;-1;-1;1;-1;1;-1;1;1;-1;-1;1;-1;1;-1;1;-1;-1;-1;1;-1;1;-1;1;1;-1;-1;1;-1;1;-1;1;-1;-1;-1;1;-1;1;-1;1;1;-1;-1;1;-1;1;-1;1
7,precision_2_timepoints_10_ising.coo,80,25,1024,2000,false,4.90005180448,0.0,-66.0,-66.0,1.0,1;-1;-1;1;-1;1;-1;1;-1;-1;-1;1;-1;1;-1;1;1;-1;-1;1;-1;1;-1;1;-1;-1;-1;1;-1;1;-1;1;1;-1;-1;1;-1;1;-1;1;-1;-1;-1;1;-1;1;-1;1;1;-1;-1;1;-1;1;-1;1;-1;-1;-1;1;-1;1;-1;1;1;-1;-1;1;-1;1;-1;1;-1;-1;-1;1;-1;1;-1;1
7,precision_2_timepoints_11_ising.coo,88,25,1024,2000,false,4.730945183880001,0.0,-73.0,-73.0,1.0,1;-1;-1;1;-1;1;-1;1;-1;-1;-1;1;-1;1;-1;1;1;-1;-1;1;-1;1;-1;1;-1;-1;-1;1;-1;1;-1;1;1;-1;-1;1;-1;1;-1;1;-1;-1;-1;1;-1;1;-1;1;1;-1;-1;1;-1;1;-1;1;-1;-1;-1;1;-1;1;-1;1;1;-1;-1;1;-1;1;-1;1;-1;-1;-1;1;-1;1;-1;1;1;-1;-1;1;-1;1;-1;1
7,precision_2_timepoints_12_ising.coo,96,25,1024,2000,false,6.89981368764,0.0,-80.0,-80.0,1.0,1;-1;-1;1;-1;1;-1;1;-1;-1;-1;1;-1;1;-1;1;1;-1;-1;1;-1;1;-1;1;-1;-1;-1;1;-1;1;-1;1;1;-1;-1;1;-1;1;-1;1;-1;-1;-1;1;-1;1;-1;1;1;-1;-1;1;-1;1;-1;1;-1;-1;-1;1;-1;1;-1;1;1;-1;-1;1;-1;1;-1;1;-1;-1;-1;1;-1;1;-1;1;1;-1;-1;1;-1;1;-1;1;-1;-1;-1;1;-1;1;-1;1
7,precision_2_timepoints_13_ising.coo,104,25,1024,2000,false,5.65055047648,0.0,-87.0,-87.0,1.0,1;-1;-1;1;-1;1;-1;1;-1;-1;-1;1;-1;1;-1;1;1;-1;-1;1;-1;1;-1;1;-1;-1;-1;1;-1;1;-1;1;1;-1;-1;1;-1;1;-1;1;-1;-1;-1;1;-1;1;-1;1;1;-1;-1;1;-1;1;-1;1;-1;-1;-1;1;-1;1;-1;1;1;-1;-1;1;-1;1;-1;1;-1;-1;-1;1;-1;1;-1;1;1;-1;-1;1;-1;1;-1;1;-1;-1;-1;1;-1;1;-1;1;1;-1;-1;1;-1;1;-1;1
7,precision_2_timepoints_14_ising.coo,112,25,1024,2000,false,6.35954219304,0.0,-94.0,-94.0,1.0,1;-1;-1;1;-1;1;-1;1;-1;-1;-1;1;-1;1;-1;1;1;-1;-1;1;-1;1;-1;1;-1;-1;-1;1;-1;1;-1;1;1;-1;-1;1;-1;1;-1;1;-1;-1;-1;1;-1;1;-1;1;1;-1;-1;1;-1;1;-1;1;-1;-1;-1;1;-1;1;-1;1;1;-1;-1;1;-1;1;-1;1;-1;-1;-1;1;-1;1;-1;1;1;-1;-1;1;-1;1;-1;1;-1;-1;-1;1;-1;1;-1;1;1;-1;-1;1;-1;1;-1;1;-1;-1;-1;1;-1;1;-1;1
